{
    "1": {
        "intra": [
            1.0000000329589145,
            1.0000000559635913,
            0.9999999996664118,
            0.9999999701302555,
            1.000000058302772,
            1.0000000416241002,
            0.9999999802617862,
            0.9999999719379438,
            1.0000000058430498,
            1.0000000724470248,
            1.0000000049183955,
            1.0000000129176312,
            1.000000009235295,
            1.000000016995972,
            1.0000000752359737,
            1.0000000302453473,
            1.00000001094629,
            1.000000020775396,
            1.0000000513281053,
            1.000000064756224
        ],
        "inter": [
            0.7378210029192749,
            0.746576487302162,
            0.7621347513549195,
            0.6897586702904551,
            0.6056802029197805,
            0.5660156084869232,
            0.5777841192513924,
            0.5702860834031319,
            0.6030832486901878,
            0.5708316628709023,
            0.5356249887458391,
            0.5400328403937689,
            0.5052258751759625,
            0.4905331055443841,
            0.5082852039469095,
            0.4859556968984097,
            0.49953156719061637,
            0.4884062459352953,
            0.4559528735682629,
            0.4712597238737276
        ],
        "cluster": [
            6.01595744680851,
            6.01595744680851,
            6.01595744680851,
            6.01595744680851,
            6.01595744680851,
            6.01595744680851,
            6.01595744680851,
            6.01595744680851,
            6.01595744680851,
            6.01595744680851,
            6.01595744680851,
            6.01595744680851,
            6.01595744680851,
            6.01595744680851,
            6.01595744680851,
            6.01595744680851,
            6.01595744680851,
            6.01595744680851,
            6.01595744680851,
            6.01595744680851
        ]
    },
    "2": {
        "intra": [
            0.9999999756336603,
            1.0000000136994631,
            0.9999999796313633,
            1.000000016666621,
            0.9999999923641228,
            0.999999966181043,
            1.0000000037874701,
            1.0000000369170428,
            1.0000000385599954,
            0.9999999942219439,
            0.9999999888557546,
            0.9999999990830074,
            0.9999999850995016,
            1.0000000190983531,
            1.000000001992676,
            1.000000036124231,
            1.0000000285468116,
            1.000000022804038,
            1.0000000225376864,
            1.000000029428808
        ],
        "inter": [
            0.9002559717207057,
            0.9109164276202302,
            0.902014241241522,
            0.8264898913450389,
            0.7348594336214993,
            0.7139841787765895,
            0.7390318802326572,
            0.7302407067466543,
            0.7848746161286609,
            0.7616550083929687,
            0.7283307445897594,
            0.7654941729753362,
            0.741905321573842,
            0.6866811015509836,
            0.707252490601857,
            0.6762706175948476,
            0.6939502849712765,
            0.6767841597424096,
            0.6546991031830628,
            0.6586780848031676
        ],
        "cluster": [
            9.941489361702128,
            9.941489361702128,
            9.941489361702128,
            9.941489361702128,
            9.941489361702128,
            9.941489361702128,
            9.941489361702128,
            9.941489361702128,
            9.941489361702128,
            9.941489361702128,
            9.941489361702128,
            9.941489361702128,
            9.941489361702128,
            9.941489361702128,
            9.941489361702128,
            9.941489361702128,
            9.941489361702128,
            9.941489361702128,
            9.941489361702128,
            9.941489361702128
        ]
    },
    "3": {
        "intra": [
            1.0000000354183058,
            1.0000000335837758,
            1.0000000051055336,
            1.0000000276286976,
            1.0000000452379896,
            0.9999999716593304,
            1.000000007296134,
            1.0000000011328192,
            1.0000000627021324,
            0.9999999680199554,
            1.0000000054036655,
            1.000000076470296,
            1.000000038657823,
            0.999999995663595,
            1.000000001803913,
            1.0000000277767096,
            1.0000000644524683,
            1.000000038977841,
            0.9999999953178146,
            1.0000000376178746
        ],
        "inter": [
            0.9705958059046409,
            0.9796109554126138,
            0.939434708553893,
            0.8789218967723258,
            0.8425584065383267,
            0.8519574615190586,
            0.8548955077929216,
            0.8505888845373675,
            0.896314194049388,
            0.8841678964070457,
            0.860306201567101,
            0.8899718909005824,
            0.8936434905375176,
            0.8606960052584859,
            0.8894665766074019,
            0.8523396068869389,
            0.8582100746379098,
            0.8489739851183251,
            0.8280392601804011,
            0.87335072386179
        ],
        "cluster": [
            12.797872340425531,
            12.797872340425531,
            12.797872340425531,
            12.797872340425531,
            12.797872340425531,
            12.797872340425531,
            12.797872340425531,
            12.797872340425531,
            12.797872340425531,
            12.797872340425531,
            12.797872340425531,
            12.797872340425531,
            12.797872340425531,
            12.797872340425531,
            12.797872340425531,
            12.797872340425531,
            12.797872340425531,
            12.797872340425531,
            12.797872340425531,
            12.797872340425531
        ]
    },
    "test_acc": [
        0.5789473684210527,
        0.5526315789473685,
        0.5526315789473685,
        0.5526315789473685,
        0.5526315789473685,
        0.7368421052631579,
        0.8157894736842105,
        0.7631578947368421,
        0.7894736842105263,
        0.8421052631578947,
        0.7894736842105263,
        0.868421052631579,
        0.7894736842105263,
        0.6842105263157895,
        0.868421052631579,
        0.7894736842105263,
        0.868421052631579,
        0.7894736842105263,
        0.7631578947368421,
        0.868421052631579
    ],
    "train_acc": [
        0.6866666666666666,
        0.6933333333333334,
        0.6933333333333334,
        0.7,
        0.7,
        0.7666666666666667,
        0.7866666666666666,
        0.78,
        0.8,
        0.8,
        0.7933333333333333,
        0.8066666666666666,
        0.84,
        0.76,
        0.82,
        0.82,
        0.84,
        0.8266666666666667,
        0.8133333333333334,
        0.8533333333333334
    ]
}