{
    "1": {
        "intra": [
            0.8072398257638557,
            0.7950994002629971,
            0.8158866769493595,
            0.8306418733578428,
            0.8277041540109187,
            0.8193813370047827,
            0.8119501761561435,
            0.8068823309865873,
            0.7901533940708143,
            0.7873696112061467,
            0.7848373765053871,
            0.777378968011448,
            0.7909125727101814,
            0.7892400293167788,
            0.7952432185644319,
            0.7977728773309039,
            0.8029159963892584,
            0.8008907807106681,
            0.7946027110679843,
            0.8100309406716255
        ],
        "inter": [
            0.6755624759312916,
            0.6558908175124304,
            0.687742756523296,
            0.7112017893965243,
            0.7068153653516677,
            0.6932223641674784,
            0.6807271440068919,
            0.6734769662575857,
            0.6472466376002736,
            0.6450653664307573,
            0.6414071935515363,
            0.6312497711932344,
            0.6522528034849293,
            0.6501137284827834,
            0.662490400061683,
            0.6681890635595231,
            0.6766942589554439,
            0.6736962631756048,
            0.6643550814253038,
            0.6892888042850849
        ],
        "cluster": [
            3.0773638968481376,
            3.0773638968481376,
            3.0773638968481376,
            3.0773638968481376,
            3.0773638968481376,
            3.0773638968481376,
            3.0773638968481376,
            3.0773638968481376,
            3.0773638968481376,
            3.0773638968481376,
            3.0773638968481376,
            3.0773638968481376,
            3.0773638968481376,
            3.0773638968481376,
            3.0773638968481376,
            3.0773638968481376,
            3.0773638968481376,
            3.0773638968481376,
            3.0773638968481376,
            3.0773638968481376
        ]
    },
    "2": {
        "intra": [
            0.9358820542447337,
            0.9724235146747942,
            0.9794291919245609,
            0.9785823491842802,
            0.9748783368881236,
            0.967037454466734,
            0.9597875831219523,
            0.9550024508032091,
            0.9537414066803076,
            0.9557270855260391,
            0.950987252780095,
            0.9584599890815629,
            0.965722681257521,
            0.9621310240164944,
            0.9625786300953233,
            0.9586833998364437,
            0.961001987962598,
            0.9626975780675625,
            0.9592661893738221,
            0.9605315468824537
        ],
        "inter": [
            0.8471537805089816,
            0.9253712628838131,
            0.9400699389986701,
            0.939188048485745,
            0.9321472856600833,
            0.9159969412907495,
            0.8995516008558904,
            0.8869908932580988,
            0.8852360579015202,
            0.8885277583520211,
            0.8801764628896592,
            0.8918642311106253,
            0.9057408689478713,
            0.8991633731196516,
            0.9019677531786163,
            0.8974788727970517,
            0.9011229440114916,
            0.9042615381183375,
            0.8954981042289265,
            0.9004131476096693
        ],
        "cluster": [
            6.426934097421204,
            6.426934097421204,
            6.426934097421204,
            6.426934097421204,
            6.426934097421204,
            6.426934097421204,
            6.426934097421204,
            6.426934097421204,
            6.426934097421204,
            6.426934097421204,
            6.426934097421204,
            6.426934097421204,
            6.426934097421204,
            6.426934097421204,
            6.426934097421204,
            6.426934097421204,
            6.426934097421204,
            6.426934097421204,
            6.426934097421204,
            6.426934097421204
        ]
    },
    "3": {
        "intra": [
            0.9660259003852095,
            0.9796602589163539,
            0.9805427389138843,
            0.9800040616779436,
            0.978627515831772,
            0.9772057483988066,
            0.9745908106638546,
            0.973274882431217,
            0.9724942193439148,
            0.972850473002121,
            0.9699218694177525,
            0.9748212197422191,
            0.9755510697632329,
            0.9726773862767555,
            0.9726915126527874,
            0.9699266292314312,
            0.9699847734982694,
            0.9708055338724696,
            0.9717415585773256,
            0.9720422746080183
        ],
        "inter": [
            0.913431907021213,
            0.9685650961921113,
            0.9732061222437373,
            0.9705496640530249,
            0.9643118534972147,
            0.957515044179641,
            0.9469827303555813,
            0.9428825345122634,
            0.938531752995457,
            0.9400119814879271,
            0.9300853723811017,
            0.9433163227939396,
            0.9449251426658473,
            0.9344207496168241,
            0.935458215889144,
            0.9261553308310655,
            0.9271863427917006,
            0.930658727488956,
            0.9306116025663937,
            0.9287228456372408
        ],
        "cluster": [
            8.773638968481375,
            8.773638968481375,
            8.773638968481375,
            8.773638968481375,
            8.773638968481375,
            8.773638968481375,
            8.773638968481375,
            8.773638968481375,
            8.773638968481375,
            8.773638968481375,
            8.773638968481375,
            8.773638968481375,
            8.773638968481375,
            8.773638968481375,
            8.773638968481375,
            8.773638968481375,
            8.773638968481375,
            8.773638968481375,
            8.773638968481375,
            8.773638968481375
        ]
    },
    "test_acc": [
        0.38571428571428573,
        0.6285714285714286,
        0.6142857142857143,
        0.6142857142857143,
        0.6142857142857143,
        0.6142857142857143,
        0.6142857142857143,
        0.6714285714285714,
        0.6142857142857143,
        0.6714285714285714,
        0.5857142857142857,
        0.6285714285714286,
        0.6142857142857143,
        0.6,
        0.6285714285714286,
        0.6142857142857143,
        0.6285714285714286,
        0.6285714285714286,
        0.6428571428571429,
        0.6428571428571429
    ]
}