{
    "1": {
        "intra": [
            0.9686139497408547,
            0.9867435260904759,
            0.9837547318893645,
            0.9781968449223983,
            0.9788449872731096,
            0.9676953958544541,
            0.9516377795323757,
            0.9306337586493457,
            0.8356602271249788,
            0.901419942690914,
            0.9291004003874951,
            0.9216166172464707,
            0.9058644932918681,
            0.9333642975634888,
            0.9508751507868587,
            0.9474967625260267,
            0.9407753165373289,
            0.9387875059570686,
            0.9385938380642036,
            0.9354712693350146
        ],
        "inter": [
            0.9098801566734807,
            0.9493984176466117,
            0.9442007403909124,
            0.9296723082986249,
            0.9362771876166084,
            0.9222549144772797,
            0.8984535190962861,
            0.8707453466619531,
            0.7441375152361068,
            0.824512843565884,
            0.8683596055761404,
            0.860476378064415,
            0.8398680861033454,
            0.8818505512754174,
            0.9057328809342492,
            0.9027507195598256,
            0.8941815569675585,
            0.8902387882546036,
            0.8885586387364369,
            0.8860607106508005
        ],
        "cluster": [
            3.0773638968481376,
            3.0773638968481376,
            3.0773638968481376,
            3.0773638968481376,
            3.0773638968481376,
            3.0773638968481376,
            3.0773638968481376,
            3.0773638968481376,
            3.0773638968481376,
            3.0773638968481376,
            3.0773638968481376,
            3.0773638968481376,
            3.0773638968481376,
            3.0773638968481376,
            3.0773638968481376,
            3.0773638968481376,
            3.0773638968481376,
            3.0773638968481376,
            3.0773638968481376,
            3.0773638968481376
        ]
    },
    "2": {
        "intra": [
            0.9924031798783809,
            0.998426095762464,
            0.9969321658701416,
            0.9964687360383138,
            0.992005269625997,
            0.9882681010118832,
            0.9862410773056361,
            0.9806412058281304,
            0.9603051438958748,
            0.961529660154043,
            0.9786334981070601,
            null,
            null,
            null,
            null,
            null,
            null,
            null,
            null,
            null
        ],
        "inter": [
            0.9335003571661213,
            0.9640413575481532,
            0.955634542043557,
            0.9618632122579358,
            0.9499221055857187,
            0.9491605801903916,
            0.9444021953577302,
            0.9247342617540023,
            0.8659687459725124,
            0.8862252900263035,
            0.9285256793577451,
            null,
            null,
            null,
            null,
            null,
            null,
            null,
            null,
            null
        ],
        "cluster": [
            6.426934097421204,
            6.426934097421204,
            6.426934097421204,
            6.426934097421204,
            6.426934097421204,
            6.426934097421204,
            6.426934097421204,
            6.426934097421204,
            6.426934097421204,
            6.426934097421204,
            6.426934097421204,
            6.426934097421204,
            6.426934097421204,
            6.426934097421204,
            6.426934097421204,
            6.426934097421204,
            6.426934097421204,
            6.426934097421204,
            6.426934097421204,
            6.426934097421204
        ]
    },
    "3": {
        "intra": [
            0.9825629956316126,
            0.982758784946223,
            0.9827816423807848,
            0.9826718041084161,
            0.982762413256099,
            0.9827532368014225,
            0.9827635221447241,
            0.9826245893733124,
            0.9795783964793426,
            0.9819385315763981,
            0.9824551294906816,
            0.9803832010890359,
            0.9733878669045237,
            0.9805340052246659,
            0.9821902482586035,
            0.9820043846724046,
            0.9811626501234562,
            0.9799734374927768,
            0.9809338816856538,
            0.9805809404971187
        ],
        "inter": [
            0.9725414257176714,
            0.9713973586070506,
            0.9742492933739457,
            0.9703221215834232,
            0.9765679090721398,
            0.9778317595705672,
            0.9807469058484948,
            0.9792610224035124,
            0.9551580151315484,
            0.9725986521189405,
            0.9766606915047558,
            0.9629664311709932,
            0.9265701836788381,
            0.963237282500842,
            0.9782301214732111,
            0.9765871033363932,
            0.9690628617823405,
            0.9620868747357958,
            0.9631863961086381,
            0.9572132009946496
        ],
        "cluster": [
            8.773638968481375,
            8.773638968481375,
            8.773638968481375,
            8.773638968481375,
            8.773638968481375,
            8.773638968481375,
            8.773638968481375,
            8.773638968481375,
            8.773638968481375,
            8.773638968481375,
            8.773638968481375,
            8.773638968481375,
            8.773638968481375,
            8.773638968481375,
            8.773638968481375,
            8.773638968481375,
            8.773638968481375,
            8.773638968481375,
            8.773638968481375,
            8.773638968481375
        ]
    },
    "test_acc": [
        0.37142857142857144,
        0.6857142857142857,
        0.6857142857142857,
        0.6857142857142857,
        0.6857142857142857,
        0.6857142857142857,
        0.7,
        0.6857142857142857,
        0.7142857142857143,
        0.6285714285714286,
        0.6714285714285714,
        0.6428571428571429,
        0.7142857142857143,
        0.6285714285714286,
        0.6285714285714286,
        0.6285714285714286,
        0.6428571428571429,
        0.6571428571428571,
        0.7,
        0.6714285714285714
    ]
}