{
    "1": {
        "intra": [
            0.9495824912142826,
            0.9415535780218189,
            0.9141967314750851,
            0.8854001360853948,
            0.855945883978474,
            0.8438926684667857,
            0.837837823061428,
            0.8233139110121036,
            0.8166176376175934,
            0.8131692208484416,
            0.8189032260126443,
            0.8097987828387753,
            0.8113251689734589,
            0.8080456294787132,
            0.8045836276129046,
            0.802157949059651,
            0.8045162250436435,
            0.8024929852602983,
            0.8018453847524261,
            0.794858109798699
        ],
        "inter": [
            0.8371251606332015,
            0.7903049051462604,
            0.7367819984369378,
            0.664396082123429,
            0.6035989636258965,
            0.5688450541421737,
            0.552694735911044,
            0.5098129578199806,
            0.5078837794928176,
            0.5018698589430048,
            0.5451995944088475,
            0.5142924995501051,
            0.5260059359399687,
            0.50814008548382,
            0.5013743798203233,
            0.4977423141431014,
            0.4945829133098623,
            0.4964268832367958,
            0.491194194811609,
            0.49322236660431745
        ]
    },
    "2": {
        "intra": [
            0.9903037288379947,
            0.989382127824572,
            0.9831996552992729,
            0.9791870435891497,
            0.9761542956590517,
            0.9731910580970988,
            0.9661923280193339,
            0.9543486994432876,
            0.947935476194822,
            0.9520693774238631,
            0.9250060345805365,
            0.9427986311657531,
            0.9398784859186023,
            0.9505462217438877,
            0.9478005806675008,
            0.9463110869907618,
            0.9512379480416343,
            0.9434846105143077,
            0.9452217035962784,
            0.9283721183339989
        ],
        "inter": [
            0.9096417622033776,
            0.8930252946619277,
            0.8551363091133938,
            0.8258733507828642,
            0.7976566136914546,
            0.7560871522048147,
            0.6958158723659417,
            0.5694157014700535,
            0.5515186243295915,
            0.5339322944184284,
            0.5506668178102504,
            0.5301634252914807,
            0.5424982305429693,
            0.5256319094704206,
            0.5199127610527375,
            0.5174251485621457,
            0.5173092169729857,
            0.5171237540893947,
            0.5162105265544773,
            0.5180310750739712
        ]
    },
    "3": {
        "intra": [
            0.9996342351580808,
            0.9996467536080298,
            0.9992952854330778,
            0.998593166241123,
            0.9972176279139368,
            0.9963249221518596,
            0.9943802736994806,
            0.995990854001875,
            0.9946757570690875,
            0.9979615279929168,
            0.9924489284383328,
            0.9956721550090306,
            0.9900365524338633,
            0.9956306326452126,
            0.994479950468118,
            0.9932004438009482,
            0.9962236630925514,
            0.9931855878210296,
            0.9952629037585342,
            0.9849287427873872
        ],
        "inter": [
            0.967152519095194,
            0.9443731275696795,
            0.9452732248114882,
            0.9306182522294578,
            0.8901374876649232,
            0.8375032993868119,
            0.8253609797763902,
            0.8063820375082124,
            0.8449092176452617,
            0.8971263709373201,
            0.8617668251068454,
            0.8534796757682017,
            0.8026507103466518,
            0.8160727091798436,
            0.8146423150935788,
            0.7967888051648689,
            0.8060163004227904,
            0.7921272009657522,
            0.7910780363630148,
            0.7694248709814397
        ]
    },
    "test_acc": [
        0.39473684210526316,
        0.6052631578947368,
        0.6052631578947368,
        0.6052631578947368,
        0.6052631578947368,
        0.6052631578947368,
        0.6578947368421053,
        0.631578947368421,
        0.6578947368421053,
        0.6052631578947368,
        0.7105263157894737,
        0.6578947368421053,
        0.7631578947368421,
        0.631578947368421,
        0.6578947368421053,
        0.7105263157894737,
        0.6578947368421053,
        0.7105263157894737,
        0.6578947368421053,
        0.7631578947368421
    ]
}