{
    "1": {
        "intra": [
            0.8523418136211927,
            0.8419755702866583,
            0.8328821808144486,
            0.8277334402760742,
            0.8228343477094122,
            0.8175386307583481,
            0.8131525125402103,
            0.8108703799521568,
            0.8043905643809899,
            0.8019826682605096,
            0.8026802301614566,
            0.8031307594080944,
            0.7997710471548475,
            0.7947877626171337,
            0.7926531416635372,
            0.792636651747796,
            0.792282080740017,
            0.793233833611038,
            0.7911801842007966,
            0.7909008627367713
        ],
        "inter": [
            0.5793946412828521,
            0.5546286401722974,
            0.5300936906007553,
            0.5160721645030301,
            0.5035777232202968,
            0.4902176795343368,
            0.48014115415243497,
            0.476724049821893,
            0.4607240826113237,
            0.4574034413696888,
            0.4610974260647346,
            0.4633061172000659,
            0.4564701754735011,
            0.4458840071853588,
            0.4403069957858939,
            0.44197772538226526,
            0.4401607894602949,
            0.4440483307460574,
            0.43964560481659337,
            0.44003946976477004
        ],
        "cluster": [
            3.00531914893617,
            3.00531914893617,
            3.00531914893617,
            3.00531914893617,
            3.00531914893617,
            3.00531914893617,
            3.00531914893617,
            3.00531914893617,
            3.00531914893617,
            3.00531914893617,
            3.00531914893617,
            3.00531914893617,
            3.00531914893617,
            3.00531914893617,
            3.00531914893617,
            3.00531914893617,
            3.00531914893617,
            3.00531914893617,
            3.00531914893617,
            3.00531914893617
        ]
    },
    "2": {
        "intra": [
            0.9534270286115161,
            0.9529125064365219,
            0.9556129424404084,
            0.960050584424247,
            0.9616900208093607,
            0.9614110511208998,
            0.9603089933365886,
            0.9591285690165415,
            0.9554071022483943,
            0.9531294385764467,
            0.9504828466937898,
            0.9481764371363872,
            0.9475860836229263,
            0.9446491277473816,
            0.941692822425341,
            0.938422467508419,
            0.9381445072720237,
            0.9371157233479227,
            0.9361679980699287,
            0.9350517707255063
        ],
        "inter": [
            0.8242420768278245,
            0.8088997961768087,
            0.8205673859388897,
            0.8419451556930031,
            0.8445124707143012,
            0.8336576612637212,
            0.8182035798844705,
            0.8109580962397983,
            0.7964282886216222,
            0.7971917555629473,
            0.7994055268492073,
            0.7976483785614297,
            0.7992156274478386,
            0.7909367106768048,
            0.7784744655228643,
            0.7685207992472289,
            0.7620745828916219,
            0.7578373856755497,
            0.750502321192304,
            0.7465213524063092
        ],
        "cluster": [
            6.99468085106383,
            6.99468085106383,
            6.99468085106383,
            6.99468085106383,
            6.99468085106383,
            6.99468085106383,
            6.99468085106383,
            6.99468085106383,
            6.99468085106383,
            6.99468085106383,
            6.99468085106383,
            6.99468085106383,
            6.99468085106383,
            6.99468085106383,
            6.99468085106383,
            6.99468085106383,
            6.99468085106383,
            6.99468085106383,
            6.99468085106383,
            6.99468085106383
        ]
    },
    "3": {
        "intra": [
            0.9979119616952942,
            0.9988755947948449,
            0.9989487305584717,
            0.9987533038858287,
            0.9981675981588622,
            0.9966810679823568,
            0.9942684280008972,
            0.9923536500468414,
            0.9923506467970764,
            0.9922448240879467,
            0.992165634919636,
            0.9921852315762535,
            0.9926323459832135,
            0.9921851068932167,
            0.9915112597026572,
            0.9898035261681596,
            0.9896118345612035,
            0.9889550178762956,
            0.9892763419706091,
            0.9888400411081457
        ],
        "inter": [
            0.8744386499158503,
            0.9266782336367465,
            0.9488716205771347,
            0.9582548072248844,
            0.9516219201887953,
            0.9276121072673266,
            0.8949133659313464,
            0.8828827236903901,
            0.8809165828780829,
            0.8895052231021071,
            0.8907700022815773,
            0.8897754843833893,
            0.8894247387745663,
            0.8873057882134134,
            0.8797145171368246,
            0.8697216186111638,
            0.8544047018904161,
            0.8470535164081988,
            0.8421775042258509,
            0.8445999127253141
        ],
        "cluster": [
            11.196808510638299,
            11.196808510638299,
            11.196808510638299,
            11.196808510638299,
            11.196808510638299,
            11.196808510638299,
            11.196808510638299,
            11.196808510638299,
            11.196808510638299,
            11.196808510638299,
            11.196808510638299,
            11.196808510638299,
            11.196808510638299,
            11.196808510638299,
            11.196808510638299,
            11.196808510638299,
            11.196808510638299,
            11.196808510638299,
            11.196808510638299,
            11.196808510638299
        ]
    },
    "test_acc": [
        0.21052631578947367,
        0.7368421052631579,
        0.7368421052631579,
        0.7368421052631579,
        0.7368421052631579,
        0.7368421052631579,
        0.7631578947368421,
        0.7368421052631579,
        0.7894736842105263,
        0.7894736842105263,
        0.7894736842105263,
        0.7631578947368421,
        0.7894736842105263,
        0.8157894736842105,
        0.7894736842105263,
        0.8157894736842105,
        0.7631578947368421,
        0.7894736842105263,
        0.8157894736842105,
        0.8157894736842105
    ]
}