{
    "1": {
        "intra": [
            0.17143758517271185,
            0.29090942597882613,
            0.32057374791483056,
            0.3747678236361197,
            0.4195519677785757,
            0.40775033278671174,
            0.4048257740627289,
            0.4184485148913835,
            0.42885124734778723,
            0.43796120896511,
            0.4409857249601346,
            0.43851353018216627,
            0.4365679868337419,
            0.4416618346893042,
            0.4285499270124796,
            0.41010594922765836,
            0.3954081318396373,
            0.38095095583640015,
            0.3718577761162118,
            0.3820637273729942
        ],
        "inter": [
            0.1730300414717876,
            0.3009571458945187,
            0.33096307883656456,
            0.38736673556045076,
            0.43267154895306786,
            0.41983069363862324,
            0.4173423628551902,
            0.4320548589736592,
            0.4433301934424015,
            0.45279220729994435,
            0.4559898254359049,
            0.4534625138630946,
            0.4511581658379735,
            0.4556436796346176,
            0.4422684761690782,
            0.42368078652004965,
            0.408123656136785,
            0.39191780303149887,
            0.38238647347374427,
            0.3946238247063822
        ],
        "cluster": [
            6.626506024096385,
            6.626506024096385,
            6.626506024096385,
            6.626506024096385,
            6.626506024096385,
            6.626506024096385,
            6.626506024096385,
            6.626506024096385,
            6.626506024096385,
            6.626506024096385,
            6.626506024096385,
            6.626506024096385,
            6.626506024096385,
            6.626506024096385,
            6.626506024096385,
            6.626506024096385,
            6.626506024096385,
            6.626506024096385,
            6.626506024096385,
            6.626506024096385
        ]
    },
    "2": {
        "intra": [
            0.6465865389073423,
            0.8032375796614292,
            0.8309813599489505,
            0.856093436622512,
            0.8727277458691131,
            0.8665428315328385,
            0.8630478858172665,
            0.8645573086049564,
            0.8631286624255993,
            0.8587558422568782,
            0.8529779150419511,
            0.8459497410301108,
            0.8411384969615533,
            0.8442816339406655,
            0.8357066115645694,
            0.8215606200696602,
            0.8195622029412736,
            0.8227162183716006,
            0.816465691740154,
            0.8005006615628647
        ],
        "inter": [
            0.6012585684459029,
            0.8145249967927284,
            0.8469276266628523,
            0.876306705717036,
            0.8965268230621972,
            0.8879265217996732,
            0.8816583653361888,
            0.8829592032734287,
            0.8804767844965715,
            0.8739243394525102,
            0.8664302833533704,
            0.8581730167808136,
            0.8540817598993994,
            0.8624369915222518,
            0.8529873222699712,
            0.8321048569194697,
            0.8274683045305696,
            0.8319895595919402,
            0.8262417530717341,
            0.8110765626483891
        ],
        "cluster": [
            21.433734939759034,
            21.433734939759034,
            21.433734939759034,
            21.433734939759034,
            21.433734939759034,
            21.433734939759034,
            21.433734939759034,
            21.433734939759034,
            21.433734939759034,
            21.433734939759034,
            21.433734939759034,
            21.433734939759034,
            21.433734939759034,
            21.433734939759034,
            21.433734939759034,
            21.433734939759034,
            21.433734939759034,
            21.433734939759034,
            21.433734939759034,
            21.433734939759034
        ]
    },
    "3": {
        "intra": [
            0.7728102966719875,
            0.8182383171756651,
            0.8208712238239202,
            0.8234279404562641,
            0.824824967268241,
            0.8216621748440511,
            0.821162520585837,
            0.8221673098801542,
            0.8227173799269514,
            0.8233435410674934,
            0.823253842024747,
            0.8224879805453879,
            0.8210801450654275,
            0.8177061489376608,
            0.8141329604074384,
            0.8126050786509025,
            0.8115594992504952,
            0.808350370084836,
            0.8055579308982528,
            0.8040432211778933
        ],
        "inter": [
            0.7750199679338039,
            0.951167048978314,
            0.9586125406229373,
            0.9710039897059343,
            0.9778835676620525,
            0.9661691720415209,
            0.9577536435552408,
            0.9579951855460627,
            0.9555546842624094,
            0.9543517240290499,
            0.9498628893849567,
            0.9419688625055358,
            0.9360081502625233,
            0.9390172853988834,
            0.9245977756337582,
            0.8957906461875126,
            0.8872762593355487,
            0.8918585580523509,
            0.889312674494617,
            0.8788776532341191
        ],
        "cluster": [
            24.50602409638554,
            24.50602409638554,
            24.50602409638554,
            24.50602409638554,
            24.50602409638554,
            24.50602409638554,
            24.50602409638554,
            24.50602409638554,
            24.50602409638554,
            24.50602409638554,
            24.50602409638554,
            24.50602409638554,
            24.50602409638554,
            24.50602409638554,
            24.50602409638554,
            24.50602409638554,
            24.50602409638554,
            24.50602409638554,
            24.50602409638554,
            24.50602409638554
        ]
    },
    "test_acc": [
        0.29411764705882354,
        0.7058823529411765,
        0.35294117647058826,
        0.7647058823529411,
        0.7058823529411765,
        0.7058823529411765,
        0.5294117647058824,
        0.35294117647058826,
        0.35294117647058826,
        0.4117647058823529,
        0.5294117647058824,
        0.6470588235294118,
        0.6470588235294118,
        0.7058823529411765,
        0.7058823529411765,
        0.6470588235294118,
        0.6470588235294118,
        0.6470588235294118,
        0.6470588235294118,
        0.47058823529411764
    ]
}