{
    "1": {
        "intra": [
            0.9462931320241466,
            0.9150767762111169,
            0.9116944197098886,
            0.9178530310340266,
            0.9272971986121911,
            0.931581017205231,
            0.9330681385987131,
            0.9305612622068113,
            0.9197736037242092,
            0.9004169839237369,
            0.8769767391490958,
            0.8542651404362038,
            0.8358905790583864,
            0.8268024479967157,
            0.7771748263471328,
            0.7542514819420567,
            0.7340442067084011,
            0.7227150163788078,
            0.7264760425872486,
            0.7207821638030651
        ],
        "inter": [
            0.9365287399985666,
            0.8892197420608644,
            0.8817035416715817,
            0.891678014712149,
            0.9049462815455774,
            0.9102196656972128,
            0.913642039641602,
            0.9117741614260925,
            0.9011612424115232,
            0.8825534017233451,
            0.8554022781173202,
            0.8304509427400467,
            0.8120904860305276,
            0.8058626732370784,
            0.7527189258483192,
            0.7314473647719788,
            0.7100513696816741,
            0.7005135813062772,
            0.7081281014830448,
            0.704345253500836
        ],
        "cluster": [
            6.626506024096385,
            6.626506024096385,
            6.626506024096385,
            6.626506024096385,
            6.626506024096385,
            6.626506024096385,
            6.626506024096385,
            6.626506024096385,
            6.626506024096385,
            6.626506024096385,
            6.626506024096385,
            6.626506024096385,
            6.626506024096385,
            6.626506024096385,
            6.626506024096385,
            6.626506024096385,
            6.626506024096385,
            6.626506024096385,
            6.626506024096385,
            6.626506024096385
        ]
    },
    "2": {
        "intra": [
            0.9623211516769289,
            0.9622413974397338,
            0.9624843019413188,
            0.9628036551575874,
            0.9630070326240053,
            0.9625297197464255,
            0.9614450687140561,
            0.9594114777349201,
            0.9527800667384018,
            0.9435222030854311,
            0.9240724788788273,
            0.9092037953200607,
            0.8935985559419073,
            0.8777413889420008,
            0.878102145006718,
            0.8896865674757679,
            0.8915220000975786,
            0.8855733159537207,
            0.8756758488612433,
            0.867162912471179
        ],
        "inter": [
            0.9773579558916106,
            0.984593337838662,
            0.9816360770573785,
            0.9850739355800294,
            0.9840616586443407,
            0.9778038709128033,
            0.9749874724934667,
            0.9675430182928971,
            0.9387523882650444,
            0.932405292543829,
            0.8834750805500193,
            0.8464632468440888,
            0.820716296896269,
            0.8067255224318172,
            0.8029949578688215,
            0.8306127092575357,
            0.8323735137370102,
            0.8290508365335408,
            0.8236855273546793,
            0.8189669322227966
        ],
        "cluster": [
            21.433734939759034,
            21.433734939759034,
            21.433734939759034,
            21.433734939759034,
            21.433734939759034,
            21.433734939759034,
            21.433734939759034,
            21.433734939759034,
            21.433734939759034,
            21.433734939759034,
            21.433734939759034,
            21.433734939759034,
            21.433734939759034,
            21.433734939759034,
            21.433734939759034,
            21.433734939759034,
            21.433734939759034,
            21.433734939759034,
            21.433734939759034,
            21.433734939759034
        ]
    },
    "3": {
        "intra": [
            0.8312466631162051,
            0.8312705840605534,
            0.8312432061100717,
            0.8312718070483521,
            0.8312985139216629,
            0.8312825031086964,
            0.8312590635163102,
            0.8312006173996288,
            0.8309509061648801,
            0.8280077250094093,
            0.8269708210111897,
            0.8283791528280551,
            0.8288590058085908,
            0.8293182618185084,
            0.828461434880653,
            0.8274051438442127,
            0.8267527439516642,
            0.8239503481438702,
            0.8174223313652025,
            0.8084998275330199
        ],
        "inter": [
            0.9438505598863133,
            0.9533059060564316,
            0.908296696786567,
            0.9402995594546149,
            0.9409075140162022,
            0.9211569783332647,
            0.9373380870733264,
            0.9443908056466699,
            0.9309790330905745,
            0.9012276081508985,
            0.8555988514769569,
            0.8570649533849752,
            0.8800012643832817,
            0.9150920409835266,
            0.9139553683179625,
            0.8983230892975842,
            0.9014244012924713,
            0.8893887236380743,
            0.8570753310098401,
            0.8367837612434458
        ],
        "cluster": [
            24.50602409638554,
            24.50602409638554,
            24.50602409638554,
            24.50602409638554,
            24.50602409638554,
            24.50602409638554,
            24.50602409638554,
            24.50602409638554,
            24.50602409638554,
            24.50602409638554,
            24.50602409638554,
            24.50602409638554,
            24.50602409638554,
            24.50602409638554,
            24.50602409638554,
            24.50602409638554,
            24.50602409638554,
            24.50602409638554,
            24.50602409638554,
            24.50602409638554
        ]
    },
    "test_acc": [
        0.7058823529411765,
        0.7058823529411765,
        0.7058823529411765,
        0.4117647058823529,
        0.35294117647058826,
        0.5882352941176471,
        0.7058823529411765,
        0.47058823529411764,
        0.35294117647058826,
        0.7058823529411765,
        0.4117647058823529,
        0.5882352941176471,
        0.5294117647058824,
        0.29411764705882354,
        0.4117647058823529,
        0.7647058823529411,
        0.4117647058823529,
        0.4117647058823529,
        0.4117647058823529,
        0.35294117647058826
    ],
    "train_acc": [
        0.5151515151515151,
        0.5151515151515151,
        0.5151515151515151,
        0.48484848484848486,
        0.5303030303030303,
        0.5606060606060606,
        0.6363636363636364,
        0.5909090909090909,
        0.5606060606060606,
        0.5757575757575758,
        0.5,
        0.7272727272727273,
        0.8181818181818182,
        0.6666666666666666,
        0.8333333333333334,
        0.7575757575757576,
        0.7727272727272727,
        0.8181818181818182,
        0.8484848484848485,
        0.8333333333333334
    ]
}