{
    "1": {
        "intra": [
            0.9156769309810261,
            0.9155309434946144,
            0.9195441272935173,
            0.9228379289897891,
            0.9231016713569,
            0.9215250969515258,
            0.9173402752076519,
            0.9124466314358088,
            0.9070486108484767,
            0.9021469734201573,
            0.899045938504146,
            0.8971822644937831,
            0.8956475319709479,
            0.895497839773832,
            0.8959370278221377,
            0.8958172921884962,
            0.8933028189858118,
            0.8908439067975722,
            0.8886258259666918,
            0.8869551378629101
        ],
        "inter": [
            0.7818657868982806,
            0.7803443262718823,
            0.7907938963037066,
            0.7981489832866515,
            0.7959519768114574,
            0.7885325895584759,
            0.7743220394029489,
            0.7590179514778482,
            0.7419528859808524,
            0.7274503428743634,
            0.7184061560629451,
            0.7133689010924092,
            0.7096500928301653,
            0.7114163483841496,
            0.7128435597715265,
            0.7140103995981611,
            0.707326425301597,
            0.7020045029525083,
            0.6967102335654224,
            0.6926470946612528
        ],
        "cluster": [
            3.00531914893617,
            3.00531914893617,
            3.00531914893617,
            3.00531914893617,
            3.00531914893617,
            3.00531914893617,
            3.00531914893617,
            3.00531914893617,
            3.00531914893617,
            3.00531914893617,
            3.00531914893617,
            3.00531914893617,
            3.00531914893617,
            3.00531914893617,
            3.00531914893617,
            3.00531914893617,
            3.00531914893617,
            3.00531914893617,
            3.00531914893617,
            3.00531914893617
        ]
    },
    "2": {
        "intra": [
            0.9589864804443313,
            0.9594671626195536,
            0.9683460849908538,
            0.9743575799633774,
            0.9769554901372092,
            0.977229616443744,
            0.9755597739827286,
            0.9730434413406006,
            0.9719684795872924,
            0.9692070941251064,
            0.967100394082268,
            0.9665747250086537,
            0.966325122452652,
            0.9663867943010997,
            0.967044448192845,
            0.9671816228335216,
            0.9665451905034079,
            0.9657914251222113,
            0.9649950518717746,
            0.9648679448999844
        ],
        "inter": [
            0.8258162194324895,
            0.8172217400924027,
            0.8499710329767594,
            0.87623706749249,
            0.8770712724404318,
            0.8659338562594898,
            0.8478280888648104,
            0.8261976200509387,
            0.8117974525559537,
            0.7928528329746407,
            0.781599522418926,
            0.7841994212282118,
            0.7809577833049401,
            0.7912388242277927,
            0.7865038955147133,
            0.7939304641904336,
            0.7885322547569573,
            0.7905598566005704,
            0.7888032813605184,
            0.7883358685296541
        ],
        "cluster": [
            6.99468085106383,
            6.99468085106383,
            6.99468085106383,
            6.99468085106383,
            6.99468085106383,
            6.99468085106383,
            6.99468085106383,
            6.99468085106383,
            6.99468085106383,
            6.99468085106383,
            6.99468085106383,
            6.99468085106383,
            6.99468085106383,
            6.99468085106383,
            6.99468085106383,
            6.99468085106383,
            6.99468085106383,
            6.99468085106383,
            6.99468085106383,
            6.99468085106383
        ]
    },
    "3": {
        "intra": [
            0.9977665150077547,
            0.9980132237576772,
            0.9989550210669429,
            0.9991416606225701,
            0.9988152718880294,
            0.9981206234140436,
            0.9973148607941427,
            0.9956560742054802,
            0.9953760433699381,
            0.9939580801123586,
            0.9931744255842692,
            0.9924528700722097,
            0.9924083498719826,
            0.9914932967494476,
            0.9930507099805598,
            0.9931555614930682,
            0.9932547469156202,
            0.9926759421624559,
            0.9921692281853984,
            0.9922247820760491
        ],
        "inter": [
            0.838522358491774,
            0.8460970720025854,
            0.9407222616067072,
            0.9576814850618695,
            0.953069276331275,
            0.9279660688999446,
            0.9010081941441587,
            0.8684764588382882,
            0.8491121715568787,
            0.8240578732205985,
            0.8052639266978566,
            0.8050805037532587,
            0.7978936810964015,
            0.815537567160121,
            0.8033978807290137,
            0.8196416092391313,
            0.8071343286627921,
            0.8127633555283234,
            0.8079343260280987,
            0.8111348689498926
        ],
        "cluster": [
            11.196808510638299,
            11.196808510638299,
            11.196808510638299,
            11.196808510638299,
            11.196808510638299,
            11.196808510638299,
            11.196808510638299,
            11.196808510638299,
            11.196808510638299,
            11.196808510638299,
            11.196808510638299,
            11.196808510638299,
            11.196808510638299,
            11.196808510638299,
            11.196808510638299,
            11.196808510638299,
            11.196808510638299,
            11.196808510638299,
            11.196808510638299,
            11.196808510638299
        ]
    },
    "test_acc": [
        0.7105263157894737,
        0.42105263157894735,
        0.7105263157894737,
        0.7105263157894737,
        0.7105263157894737,
        0.7368421052631579,
        0.7368421052631579,
        0.7368421052631579,
        0.7631578947368421,
        0.7368421052631579,
        0.7368421052631579,
        0.7105263157894737,
        0.7368421052631579,
        0.7894736842105263,
        0.7631578947368421,
        0.7894736842105263,
        0.7368421052631579,
        0.7894736842105263,
        0.7894736842105263,
        0.8157894736842105
    ],
    "train_acc": [
        0.6533333333333333,
        0.5533333333333333,
        0.6533333333333333,
        0.6533333333333333,
        0.6533333333333333,
        0.6533333333333333,
        0.7,
        0.78,
        0.78,
        0.78,
        0.78,
        0.8,
        0.7866666666666666,
        0.8,
        0.7866666666666666,
        0.8,
        0.8066666666666666,
        0.8133333333333334,
        0.8333333333333334,
        0.8466666666666667
    ]
}