{
    "1": {
        "intra": [
            0.8169495991609521,
            0.8107823235458156,
            0.8236235427208053,
            0.8307601347763337,
            0.8243356328577526,
            0.822241698087649,
            0.8205439191496262,
            0.8173815218061311,
            0.8206094119067795,
            0.8277715203317695,
            0.818905363643859,
            0.8065127336123761,
            0.8121904772447316,
            0.7987683467390588,
            0.7832910444922888,
            0.7824334158534649,
            0.7817518186270169,
            0.7660823504158644,
            0.7838030091485303,
            0.7865226144649221
        ],
        "inter": [
            0.6983182546965224,
            0.6870539707636191,
            0.7044413489513651,
            0.7143706815445378,
            0.704865256627818,
            0.7016186589668273,
            0.6980690563363712,
            0.6929306073749149,
            0.699243547589564,
            0.7129436998089927,
            0.6990330905887603,
            0.6818441126539558,
            0.6937868276849292,
            0.674854095877691,
            0.6489921120454807,
            0.6493951093224517,
            0.6501913191176848,
            0.6283536740204916,
            0.6567019617011565,
            0.6614167745656855
        ],
        "cluster": [
            3.0494186046511627,
            3.0494186046511627,
            3.0494186046511627,
            3.0494186046511627,
            3.0494186046511627,
            3.0494186046511627,
            3.0494186046511627,
            3.0494186046511627,
            3.0494186046511627,
            3.0494186046511627,
            3.0494186046511627,
            3.0494186046511627,
            3.0494186046511627,
            3.0494186046511627,
            3.0494186046511627,
            3.0494186046511627,
            3.0494186046511627,
            3.0494186046511627,
            3.0494186046511627,
            3.0494186046511627
        ]
    },
    "2": {
        "intra": [
            0.9433773671025583,
            0.9293522143250242,
            0.942733861858429,
            0.9491070617869557,
            0.9476038427054033,
            0.9411679255270701,
            0.9311423755530631,
            0.9259428367007334,
            0.9168777173835531,
            0.9085689222906014,
            0.8948802699799919,
            0.8887563415002062,
            0.8863424454536711,
            0.8757330830074763,
            0.8771824296688497,
            0.8745350503215916,
            0.8793474618632643,
            0.876878844362589,
            0.8878050682984587,
            0.8886510022762509
        ],
        "inter": [
            0.8679617846371123,
            0.8403664515082526,
            0.870481183564361,
            0.8833767569604847,
            0.8809152051459297,
            0.8706388467565251,
            0.8510949763015607,
            0.8387849444725761,
            0.8215639539371289,
            0.7990133661363822,
            0.7688260823266718,
            0.7618292880974847,
            0.7555133190206433,
            0.7451363559545255,
            0.7422718601274911,
            0.7346254319782267,
            0.7463492679673706,
            0.7485405161009436,
            0.7762392648833714,
            0.77901953069775
        ],
        "cluster": [
            6.412790697674419,
            6.412790697674419,
            6.412790697674419,
            6.412790697674419,
            6.412790697674419,
            6.412790697674419,
            6.412790697674419,
            6.412790697674419,
            6.412790697674419,
            6.412790697674419,
            6.412790697674419,
            6.412790697674419,
            6.412790697674419,
            6.412790697674419,
            6.412790697674419,
            6.412790697674419,
            6.412790697674419,
            6.412790697674419,
            6.412790697674419,
            6.412790697674419
        ]
    },
    "3": {
        "intra": [
            0.9653486490821027,
            0.9677849035356595,
            0.9721423122055398,
            0.9720443633190259,
            0.9720950868134619,
            0.9686434659913109,
            0.965556027961154,
            0.963719807650206,
            0.9575264175964489,
            0.9600181393404866,
            0.9561373606885102,
            0.9540559786174496,
            0.9582779246196007,
            0.9593767300344476,
            0.9585339077350603,
            0.9577225900205177,
            0.9567485514811456,
            0.9566928765844053,
            0.9599630527677903,
            0.9579342103932442
        ],
        "inter": [
            0.9238967833433321,
            0.9309886879136748,
            0.9557014646902998,
            0.9558411455468879,
            0.9559510732669468,
            0.9419768515703942,
            0.9309690385755899,
            0.9236004407521828,
            0.895582252848538,
            0.8995719210646799,
            0.8916971208148011,
            0.8922311963842713,
            0.9052432003080866,
            0.9087619180197772,
            0.9035695607638053,
            0.90487087476364,
            0.9016693584308106,
            0.9042340224099443,
            0.9138949978853634,
            0.9088600471120172
        ],
        "cluster": [
            8.790697674418604,
            8.790697674418604,
            8.790697674418604,
            8.790697674418604,
            8.790697674418604,
            8.790697674418604,
            8.790697674418604,
            8.790697674418604,
            8.790697674418604,
            8.790697674418604,
            8.790697674418604,
            8.790697674418604,
            8.790697674418604,
            8.790697674418604,
            8.790697674418604,
            8.790697674418604,
            8.790697674418604,
            8.790697674418604,
            8.790697674418604,
            8.790697674418604
        ]
    },
    "test_acc": [
        0.4057971014492754,
        0.6521739130434783,
        0.5797101449275363,
        0.6086956521739131,
        0.6231884057971014,
        0.5942028985507246,
        0.6521739130434783,
        0.6086956521739131,
        0.6521739130434783,
        0.5362318840579711,
        0.6231884057971014,
        0.5797101449275363,
        0.5797101449275363,
        0.6086956521739131,
        0.5507246376811594,
        0.5072463768115942,
        0.4492753623188406,
        0.37681159420289856,
        0.4057971014492754,
        0.5797101449275363
    ],
    "train_acc": [
        0.4509090909090909,
        0.5854545454545454,
        0.5927272727272728,
        0.5636363636363636,
        0.5563636363636364,
        0.56,
        0.5890909090909091,
        0.6327272727272727,
        0.5890909090909091,
        0.6254545454545455,
        0.6072727272727273,
        0.68,
        0.6545454545454545,
        0.6181818181818182,
        0.6836363636363636,
        0.6509090909090909,
        0.6509090909090909,
        0.64,
        0.6290909090909091,
        0.6581818181818182
    ]
}