{
    "1": {
        "intra": [
            0.16549177141697471,
            0.3152682705412692,
            0.40921292477024596,
            0.4678056677780158,
            0.5090622862841686,
            0.5040097796282318,
            0.4707815819146466,
            0.45388508648579917,
            0.447086514698776,
            0.4442003665818667,
            0.44395956701763906,
            0.4442976947892344,
            0.4478092278204506,
            0.4483504572128169,
            0.4375856245325988,
            0.435065445360431,
            0.400510753104619,
            0.3937811619151208,
            0.40163674379853614,
            0.4040169176164435
        ],
        "inter": [
            0.1602334258648981,
            0.31937655576226187,
            0.41901495267787636,
            0.48010244559659143,
            0.5222625815391535,
            0.5176074746888457,
            0.4850869657564196,
            0.4690625581910319,
            0.4620114177751045,
            0.4587253622689036,
            0.4580934221241198,
            0.45723918346064885,
            0.4595535161735319,
            0.4596781836651964,
            0.44958392207561565,
            0.44824369860781704,
            0.41550612441686147,
            0.41027010322527535,
            0.4185811352923364,
            0.4213988460394671
        ],
        "cluster": [
            6.626506024096385,
            6.626506024096385,
            6.626506024096385,
            6.626506024096385,
            6.626506024096385,
            6.626506024096385,
            6.626506024096385,
            6.626506024096385,
            6.626506024096385,
            6.626506024096385,
            6.626506024096385,
            6.626506024096385,
            6.626506024096385,
            6.626506024096385,
            6.626506024096385,
            6.626506024096385,
            6.626506024096385,
            6.626506024096385,
            6.626506024096385,
            6.626506024096385
        ]
    },
    "2": {
        "intra": [
            0.6348759785256346,
            0.8235190314166744,
            0.8663999984624629,
            0.8892715496499705,
            0.9009793304640712,
            0.9026659292342467,
            0.8989587724792414,
            0.8967484004412644,
            0.8947618799414161,
            0.8931143312034487,
            0.8917156321391708,
            0.8905576179977417,
            0.8915117407804372,
            0.8919086188048975,
            0.8904809641191103,
            0.8882693347908776,
            0.8798307247923721,
            0.8744118132373124,
            0.8712523926923842,
            0.8668970690046536
        ],
        "inter": [
            0.5584078652020522,
            0.8290750740399281,
            0.8889790076210987,
            0.9161891987732788,
            0.9292785171447924,
            0.9300920271723808,
            0.9237921625718658,
            0.9190216832970236,
            0.9154387347234075,
            0.912754352293062,
            0.9105429493259884,
            0.9084135552388568,
            0.9092765741295548,
            0.9099558642077648,
            0.9086768779023942,
            0.9076383871426629,
            0.8931747358598819,
            0.8852122203206438,
            0.8821343637051935,
            0.8765447812971764
        ],
        "cluster": [
            21.433734939759034,
            21.433734939759034,
            21.433734939759034,
            21.433734939759034,
            21.433734939759034,
            21.433734939759034,
            21.433734939759034,
            21.433734939759034,
            21.433734939759034,
            21.433734939759034,
            21.433734939759034,
            21.433734939759034,
            21.433734939759034,
            21.433734939759034,
            21.433734939759034,
            21.433734939759034,
            21.433734939759034,
            21.433734939759034,
            21.433734939759034,
            21.433734939759034
        ]
    },
    "3": {
        "intra": [
            0.7673819502331509,
            0.8214289642165122,
            0.8219966044379116,
            0.8254940676213813,
            0.8273515221780903,
            0.8275023809560947,
            0.8269320302476707,
            0.8255918979653325,
            0.8250180272581039,
            0.8240095763868529,
            0.8229752588087432,
            0.8216411457166751,
            0.8202289418548739,
            0.8186373610761203,
            0.8166719213034048,
            0.814780912248656,
            0.8123298063164666,
            0.8114149879542357,
            0.8098733630986714,
            0.8094771580481009
        ],
        "inter": [
            0.7509392160521638,
            0.9582064988095467,
            0.9692613913611163,
            0.9791125345989151,
            0.9843255682631208,
            0.9844183992211826,
            0.9812926480535993,
            0.9776008310942848,
            0.9749809023100355,
            0.9677294952550947,
            0.9571444558180281,
            0.9490558355466899,
            0.9444550147639776,
            0.9394186132256768,
            0.9358996073497697,
            0.9405918786324429,
            0.9127837583609142,
            0.9051506869301836,
            0.91307965154106,
            0.9108346333327428
        ],
        "cluster": [
            24.50602409638554,
            24.50602409638554,
            24.50602409638554,
            24.50602409638554,
            24.50602409638554,
            24.50602409638554,
            24.50602409638554,
            24.50602409638554,
            24.50602409638554,
            24.50602409638554,
            24.50602409638554,
            24.50602409638554,
            24.50602409638554,
            24.50602409638554,
            24.50602409638554,
            24.50602409638554,
            24.50602409638554,
            24.50602409638554,
            24.50602409638554,
            24.50602409638554
        ]
    },
    "test_acc": [
        0.4117647058823529,
        0.5882352941176471,
        0.5882352941176471,
        0.5882352941176471,
        0.5882352941176471,
        0.5882352941176471,
        0.5882352941176471,
        0.47058823529411764,
        0.4117647058823529,
        0.4117647058823529,
        0.47058823529411764,
        0.5294117647058824,
        0.47058823529411764,
        0.47058823529411764,
        0.47058823529411764,
        0.35294117647058826,
        0.5294117647058824,
        0.5882352941176471,
        0.4117647058823529,
        0.4117647058823529
    ],
    "train_acc": [
        0.45454545454545453,
        0.5454545454545454,
        0.5454545454545454,
        0.5454545454545454,
        0.5454545454545454,
        0.5454545454545454,
        0.5606060606060606,
        0.6818181818181818,
        0.6818181818181818,
        0.7272727272727273,
        0.6515151515151515,
        0.7727272727272727,
        0.8636363636363636,
        0.8636363636363636,
        0.8787878787878788,
        0.7878787878787878,
        0.8636363636363636,
        0.8636363636363636,
        0.9242424242424242,
        0.9393939393939394
    ]
}