{
    "1": {
        "intra": [
            0.848291130394149,
            0.8354891844902753,
            0.8508558325242221,
            0.8606363761370377,
            0.8512863560040725,
            0.8353606166693454,
            0.8283947907980134,
            0.8170539386850142,
            0.8114092829119173,
            0.8151520830494106,
            0.8229068780962702,
            0.8300430848622993,
            0.8167702877204029,
            0.814090430732223,
            0.8163810044921506,
            0.8160608414584082,
            0.8208315930888965,
            0.8381814145602261,
            0.8317054504090533,
            0.8357636862629441
        ],
        "inter": [
            0.754691884132974,
            0.7336297960127257,
            0.7573743494640248,
            0.7723644804127542,
            0.7580450376241539,
            0.7330779753384319,
            0.7204477299118072,
            0.7044404623650145,
            0.6959667957763886,
            0.7010292564384402,
            0.7142317192305123,
            0.7242776413231476,
            0.7054731806375845,
            0.7026018447962047,
            0.706495444119139,
            0.7059671573440243,
            0.7138693178042181,
            0.7400819388541287,
            0.7316266276341906,
            0.7373063536894491
        ],
        "cluster": [
            3.0773638968481376,
            3.0773638968481376,
            3.0773638968481376,
            3.0773638968481376,
            3.0773638968481376,
            3.0773638968481376,
            3.0773638968481376,
            3.0773638968481376,
            3.0773638968481376,
            3.0773638968481376,
            3.0773638968481376,
            3.0773638968481376,
            3.0773638968481376,
            3.0773638968481376,
            3.0773638968481376,
            3.0773638968481376,
            3.0773638968481376,
            3.0773638968481376,
            3.0773638968481376,
            3.0773638968481376
        ]
    },
    "2": {
        "intra": [
            0.9503345958729987,
            0.9740953891722752,
            0.9806775647701627,
            0.9818682182864233,
            0.9784138172768813,
            0.9724823815217865,
            0.9678628416147401,
            0.9645697422605809,
            0.9598496526816874,
            0.9527897844229736,
            0.9531743079626596,
            0.9601549894672213,
            0.9530175432823599,
            0.9569432130772108,
            0.9573668207780466,
            0.9570392996208854,
            0.9554052024559597,
            0.9605576171052904,
            0.9560859617718774,
            0.9606142020726217
        ],
        "inter": [
            0.8932893064384212,
            0.9298001561014891,
            0.9428174284935745,
            0.9454669623228126,
            0.937160233280182,
            0.9233611619821922,
            0.9110055893059272,
            0.906386617819438,
            0.8964744370159135,
            0.8796992586454874,
            0.8820969695171386,
            0.8939461147833985,
            0.8787133286177718,
            0.8845824283304824,
            0.885244775006399,
            0.884080790809369,
            0.8822655378720894,
            0.8912702548603237,
            0.8820631994109457,
            0.8905810960270946
        ],
        "cluster": [
            6.426934097421204,
            6.426934097421204,
            6.426934097421204,
            6.426934097421204,
            6.426934097421204,
            6.426934097421204,
            6.426934097421204,
            6.426934097421204,
            6.426934097421204,
            6.426934097421204,
            6.426934097421204,
            6.426934097421204,
            6.426934097421204,
            6.426934097421204,
            6.426934097421204,
            6.426934097421204,
            6.426934097421204,
            6.426934097421204,
            6.426934097421204,
            6.426934097421204
        ]
    },
    "3": {
        "intra": [
            0.973579381450731,
            0.9806316181441862,
            0.9811261556422165,
            0.9809396932123013,
            0.9795358614802246,
            0.9773260369379586,
            0.9756770606852452,
            0.9768635840445968,
            0.9723625967815179,
            0.9703082729596559,
            0.9718629321217759,
            0.9738923623659114,
            0.9710608502804681,
            0.9730107249026896,
            0.9733443612434514,
            0.9727505243950691,
            0.9717321369564696,
            0.9736043894607512,
            0.9738848071420992,
            0.9747393626338553
        ],
        "inter": [
            0.9484017806698032,
            0.9699744269870854,
            0.9724130780929376,
            0.9722903750581128,
            0.9651258883833324,
            0.9538219886879573,
            0.9424483639091279,
            0.9512508283850516,
            0.9301322399464518,
            0.9129403132289848,
            0.9252300041019847,
            0.9367849278492307,
            0.920402061500858,
            0.9271646425222847,
            0.9295242035454531,
            0.9265632193871608,
            0.9245086468288111,
            0.9342437350466744,
            0.9361827830982831,
            0.9393599718626682
        ],
        "cluster": [
            8.773638968481375,
            8.773638968481375,
            8.773638968481375,
            8.773638968481375,
            8.773638968481375,
            8.773638968481375,
            8.773638968481375,
            8.773638968481375,
            8.773638968481375,
            8.773638968481375,
            8.773638968481375,
            8.773638968481375,
            8.773638968481375,
            8.773638968481375,
            8.773638968481375,
            8.773638968481375,
            8.773638968481375,
            8.773638968481375,
            8.773638968481375,
            8.773638968481375
        ]
    },
    "test_acc": [
        0.32857142857142857,
        0.6142857142857143,
        0.6142857142857143,
        0.6142857142857143,
        0.7,
        0.6714285714285714,
        0.6285714285714286,
        0.6857142857142857,
        0.6285714285714286,
        0.6428571428571429,
        0.7,
        0.6857142857142857,
        0.7285714285714285,
        0.6857142857142857,
        0.6857142857142857,
        0.6857142857142857,
        0.6857142857142857,
        0.6857142857142857,
        0.7,
        0.7
    ],
    "train_acc": [
        0.3727598566308244,
        0.5842293906810035,
        0.5842293906810035,
        0.5842293906810035,
        0.6344086021505376,
        0.6236559139784946,
        0.6093189964157706,
        0.6451612903225806,
        0.6129032258064516,
        0.6093189964157706,
        0.6308243727598566,
        0.6308243727598566,
        0.6451612903225806,
        0.6451612903225806,
        0.6415770609318996,
        0.6379928315412187,
        0.6379928315412187,
        0.6415770609318996,
        0.6379928315412187,
        0.6236559139784946
    ]
}