{
    "1": {
        "intra": [
            0.9559696961101594,
            0.984580383985952,
            0.9839498752587049,
            0.9832641268969533,
            0.9835067072547021,
            0.9846232606436144,
            0.9851122470836846,
            0.9850503509171425,
            0.9825007203401239,
            0.9783863005870869,
            0.9773322152583276,
            0.9747355636539083,
            0.9715116267167451,
            0.9684611326803254,
            0.9729529036368295,
            0.969752096321635,
            0.966763679851439,
            0.9645855075321631,
            0.9793826898806586,
            0.9795010036120515
        ],
        "inter": [
            0.8983837878203303,
            0.9529755072636091,
            0.9516104108818245,
            0.9506436263793657,
            0.9514542951891883,
            0.9540524537098809,
            0.9552453527216785,
            0.9551460012823093,
            0.9497435166488674,
            0.9423137910961066,
            0.9405640787522647,
            0.9359411351776166,
            0.9309337860074784,
            0.9265510475924312,
            0.9335441695443092,
            0.9298130216970933,
            0.9286592028810635,
            0.9199801122763233,
            0.9627161058360324,
            0.9644677912219155
        ],
        "cluster": [
            3.0494186046511627,
            3.0494186046511627,
            3.0494186046511627,
            3.0494186046511627,
            3.0494186046511627,
            3.0494186046511627,
            3.0494186046511627,
            3.0494186046511627,
            3.0494186046511627,
            3.0494186046511627,
            3.0494186046511627,
            3.0494186046511627,
            3.0494186046511627,
            3.0494186046511627,
            3.0494186046511627,
            3.0494186046511627,
            3.0494186046511627,
            3.0494186046511627,
            3.0494186046511627,
            3.0494186046511627
        ]
    },
    "2": {
        "intra": [
            0.9925358282515279,
            0.995377921470228,
            0.9930439174099053,
            0.9925142450914543,
            0.9946412246196263,
            0.9935417541782594,
            0.991426954624723,
            0.9918872867221835,
            null,
            0.9970144648846204,
            0.9982064851868002,
            0.9985086470573671,
            0.9981255350141155,
            0.9962248450491078,
            0.9981407110874373,
            0.9866888221738647,
            null,
            null,
            null,
            0.9855180737995224
        ],
        "inter": [
            0.9402017423193605,
            0.949780093754163,
            0.9295222225837113,
            0.9396532252750045,
            0.9482270571541078,
            0.9132777510828413,
            0.9165728263729214,
            0.9465279797032171,
            null,
            0.9571224438370355,
            0.9677869675001718,
            0.9710014628629235,
            0.9704333954175866,
            0.9644907313366665,
            0.9675869146541636,
            0.9253086116439873,
            null,
            null,
            null,
            0.9487684044545396
        ],
        "cluster": [
            6.412790697674419,
            6.412790697674419,
            6.412790697674419,
            6.412790697674419,
            6.412790697674419,
            6.412790697674419,
            6.412790697674419,
            6.412790697674419,
            6.412790697674419,
            6.412790697674419,
            6.412790697674419,
            6.412790697674419,
            6.412790697674419,
            6.412790697674419,
            6.412790697674419,
            6.412790697674419,
            6.412790697674419,
            6.412790697674419,
            6.412790697674419,
            6.412790697674419
        ]
    },
    "3": {
        "intra": [
            0.9792238017911095,
            0.9795574454064429,
            0.9794604970086097,
            0.9794912243556326,
            0.9795098477880558,
            0.9795548623731161,
            0.9794143567630857,
            0.9794625142922417,
            0.9794835965729236,
            0.9795608676651233,
            0.9796239407805634,
            0.9796154445134783,
            0.9796064153559219,
            0.9793551310571885,
            0.9796227545861871,
            0.979639657960724,
            0.9794230759457975,
            0.9756262777058837,
            null,
            null
        ],
        "inter": [
            0.9640663031507989,
            0.9759454083831333,
            0.9735935229141327,
            0.9733566932066878,
            0.9745951525174569,
            0.9780534984227593,
            0.969262276542381,
            0.9570312930661122,
            0.9794341965240015,
            0.980160862238629,
            0.9725590948187461,
            0.960001831892361,
            0.9603532616974424,
            0.962606352030556,
            0.9745653783010101,
            0.9791178372448204,
            0.9810207639444656,
            0.9416874619033673,
            null,
            null
        ],
        "cluster": [
            8.790697674418604,
            8.790697674418604,
            8.790697674418604,
            8.790697674418604,
            8.790697674418604,
            8.790697674418604,
            8.790697674418604,
            8.790697674418604,
            8.790697674418604,
            8.790697674418604,
            8.790697674418604,
            8.790697674418604,
            8.790697674418604,
            8.790697674418604,
            8.790697674418604,
            8.790697674418604,
            8.790697674418604,
            8.790697674418604,
            8.790697674418604,
            8.790697674418604
        ]
    },
    "test_acc": [
        0.5362318840579711,
        0.5362318840579711,
        0.5362318840579711,
        0.5362318840579711,
        0.5362318840579711,
        0.5362318840579711,
        0.5362318840579711,
        0.5362318840579711,
        0.5362318840579711,
        0.5362318840579711,
        0.5362318840579711,
        0.5362318840579711,
        0.5362318840579711,
        0.5362318840579711,
        0.5362318840579711,
        0.5362318840579711,
        0.5362318840579711,
        0.5507246376811594,
        0.5362318840579711,
        0.5362318840579711
    ],
    "train_acc": [
        0.5636363636363636,
        0.5636363636363636,
        0.5636363636363636,
        0.5636363636363636,
        0.5636363636363636,
        0.5636363636363636,
        0.5636363636363636,
        0.5636363636363636,
        0.5636363636363636,
        0.5636363636363636,
        0.5636363636363636,
        0.5636363636363636,
        0.5636363636363636,
        0.5636363636363636,
        0.5636363636363636,
        0.5636363636363636,
        0.5636363636363636,
        0.610909090909091,
        0.5636363636363636,
        0.5636363636363636
    ]
}