{
    "1": {
        "intra": [
            0.9378970134785056,
            0.9842393191216263,
            0.9857888721696126,
            0.982137223514575,
            0.9793601513756399,
            0.9766754413735041,
            0.9728616503934505,
            0.9720431579326162,
            0.9657340879967448,
            0.9606943508293884,
            0.9479525899147062,
            0.9564493008464567,
            0.9522305238018215,
            0.9379239045526906,
            0.9317148004876418,
            0.9748709837461565,
            0.9762231207827108,
            0.9752230574723489,
            0.9736637034581318,
            0.9727628003130447
        ],
        "inter": [
            0.8278383953911111,
            0.9536782941785474,
            0.9552388918466581,
            0.9444490060973005,
            0.9371233304450316,
            0.9323708794703417,
            0.9273157883697958,
            0.9247448645183854,
            0.9169890557652156,
            0.9099348936264802,
            0.8944129365252564,
            0.9022009326077582,
            0.8952848743005523,
            0.8744392606516211,
            0.8706869476848772,
            0.9367852985038391,
            0.939821464505112,
            0.9391799540074022,
            0.9374549807119712,
            0.9364185250478938
        ],
        "cluster": [
            3.0773638968481376,
            3.0773638968481376,
            3.0773638968481376,
            3.0773638968481376,
            3.0773638968481376,
            3.0773638968481376,
            3.0773638968481376,
            3.0773638968481376,
            3.0773638968481376,
            3.0773638968481376,
            3.0773638968481376,
            3.0773638968481376,
            3.0773638968481376,
            3.0773638968481376,
            3.0773638968481376,
            3.0773638968481376,
            3.0773638968481376,
            3.0773638968481376,
            3.0773638968481376,
            3.0773638968481376
        ]
    },
    "2": {
        "intra": [
            0.9972999577881984,
            0.9990083687010548,
            0.9990718512963062,
            0.9991091025736873,
            0.9992369537086453,
            0.9992802374303321,
            0.9990660283694446,
            0.999083455182996,
            0.9985414974058664,
            0.9979850889540001,
            0.9969292563041873,
            0.9968420172366893,
            0.995170829060897,
            0.9914606288917583,
            0.9825727329714475,
            0.9987766587206025,
            0.9992182793137429,
            0.9996394367561566,
            0.9996014825153857,
            0.9995566324393744
        ],
        "inter": [
            0.9526192351336559,
            0.9631371910345622,
            0.9560034982260261,
            0.9559054071457622,
            0.9644153193366318,
            0.9666335508899541,
            0.966929536423961,
            0.9684849447924412,
            0.967428367908275,
            0.9649714973696323,
            0.9620628605358508,
            0.9605421985701691,
            0.9557788281212933,
            0.9414117327109721,
            0.9257331248647797,
            0.9788806189484047,
            0.9809934025534662,
            0.9820710635672338,
            0.9820488489450596,
            0.981971122120923
        ],
        "cluster": [
            6.426934097421204,
            6.426934097421204,
            6.426934097421204,
            6.426934097421204,
            6.426934097421204,
            6.426934097421204,
            6.426934097421204,
            6.426934097421204,
            6.426934097421204,
            6.426934097421204,
            6.426934097421204,
            6.426934097421204,
            6.426934097421204,
            6.426934097421204,
            6.426934097421204,
            6.426934097421204,
            6.426934097421204,
            6.426934097421204,
            6.426934097421204,
            6.426934097421204
        ]
    },
    "3": {
        "intra": [
            0.9826717966834252,
            0.9827824658655065,
            0.9828013370545989,
            0.9828070806705954,
            0.9828070890044426,
            0.9828064577346689,
            0.9828037213770282,
            0.9828024312203046,
            0.9827924495490072,
            0.982780249804783,
            0.9827179830290038,
            0.9827219561949925,
            0.9826138315786088,
            0.9821895696433605,
            0.9751439699400615,
            0.9814105554921742,
            0.9828081400824823,
            0.9821962156406256,
            0.9828081400824823,
            0.982807964342713
        ],
        "inter": [
            0.9646124108986952,
            0.9672376300687484,
            0.9767696865098158,
            0.9826681099277413,
            0.9826381005314193,
            0.9827028042663755,
            0.9826566075829785,
            0.9824393468757318,
            0.9821909346313453,
            0.9819994570615774,
            0.9805406357537236,
            0.9808256325295215,
            0.9789632898431185,
            0.9750267336715093,
            0.9478952590367066,
            0.9259289597951792,
            0.9828081400824823,
            0.9587996177815115,
            0.9828081400824823,
            0.982807964342713
        ],
        "cluster": [
            8.773638968481375,
            8.773638968481375,
            8.773638968481375,
            8.773638968481375,
            8.773638968481375,
            8.773638968481375,
            8.773638968481375,
            8.773638968481375,
            8.773638968481375,
            8.773638968481375,
            8.773638968481375,
            8.773638968481375,
            8.773638968481375,
            8.773638968481375,
            8.773638968481375,
            8.773638968481375,
            8.773638968481375,
            8.773638968481375,
            8.773638968481375,
            8.773638968481375
        ]
    },
    "test_acc": [
        0.6285714285714286,
        0.5714285714285714,
        0.6,
        0.5571428571428572,
        0.5571428571428572,
        0.5571428571428572,
        0.5571428571428572,
        0.5571428571428572,
        0.5571428571428572,
        0.5571428571428572,
        0.5571428571428572,
        0.5571428571428572,
        0.5571428571428572,
        0.5571428571428572,
        0.6714285714285714,
        0.5571428571428572,
        0.5571428571428572,
        0.5571428571428572,
        0.5571428571428572,
        0.5571428571428572
    ],
    "train_acc": [
        0.6308243727598566,
        0.5985663082437276,
        0.5985663082437276,
        0.5985663082437276,
        0.5985663082437276,
        0.5985663082437276,
        0.5985663082437276,
        0.5985663082437276,
        0.5985663082437276,
        0.5985663082437276,
        0.5985663082437276,
        0.5985663082437276,
        0.5985663082437276,
        0.5985663082437276,
        0.6415770609318996,
        0.5985663082437276,
        0.5985663082437276,
        0.5985663082437276,
        0.5985663082437276,
        0.5985663082437276
    ]
}