{
    "1": {
        "intra": [
            0.9520722052133642,
            0.9578944863978315,
            0.9459450987417909,
            0.9388222976165981,
            0.9227208741589629,
            0.9153946121170761,
            0.8870893117701517,
            0.862281127039052,
            0.8534243632642132,
            0.830189444205578,
            0.8256623587160185,
            0.8192796688551482,
            0.8109009686113731,
            0.813987347137719,
            0.8058548164296669,
            0.7975687499707571,
            0.8000708897927283,
            0.7964259413410217,
            0.7980439420668265,
            0.80505097246029
        ],
        "inter": [
            0.8441244871819747,
            0.8656151590658937,
            0.8321175999590125,
            0.808007479373865,
            0.764552144913108,
            0.7280226093899459,
            0.6573651602137559,
            0.6003573668790031,
            0.5792511468686266,
            0.5452153680503944,
            0.5490384104988547,
            0.5363574723828911,
            0.5312264992667064,
            0.5230428387912389,
            0.5147823344576967,
            0.5088416853437951,
            0.5100059662990526,
            0.5067519918808764,
            0.5089899331302477,
            0.5180988780977873
        ],
        "cluster": [
            3.00531914893617,
            3.00531914893617,
            3.00531914893617,
            3.00531914893617,
            3.00531914893617,
            3.00531914893617,
            3.00531914893617,
            3.00531914893617,
            3.00531914893617,
            3.00531914893617,
            3.00531914893617,
            3.00531914893617,
            3.00531914893617,
            3.00531914893617,
            3.00531914893617,
            3.00531914893617,
            3.00531914893617,
            3.00531914893617,
            3.00531914893617,
            3.00531914893617
        ]
    },
    "2": {
        "intra": [
            0.9896733566234222,
            0.997590062823508,
            0.9914538867170062,
            0.9858674600690649,
            0.9685789803070344,
            0.9667019529623797,
            0.9476747927221665,
            0.921967040654769,
            0.926944962584148,
            0.8784230986429412,
            0.8570915168087179,
            0.8615399373872253,
            0.831998661172307,
            0.9009184454508236,
            0.8873474223913417,
            0.859120983762918,
            0.868320666890562,
            0.8492702800990262,
            0.858965030878166,
            0.8926815697467189
        ],
        "inter": [
            0.9141926622530038,
            0.9561127572135799,
            0.8866346714839357,
            0.8355321580136085,
            0.7568729835785456,
            0.7142541541088189,
            0.6656883508612288,
            0.7261555504406365,
            0.6654924755826167,
            0.6548207014147387,
            0.6166064255153266,
            0.6007906301703126,
            0.6490897160279496,
            0.6003831113589123,
            0.5881171627795082,
            0.5843129180712552,
            0.577622966115357,
            0.6197343410151926,
            0.6454290179556295,
            0.6193491206858368
        ],
        "cluster": [
            6.99468085106383,
            6.99468085106383,
            6.99468085106383,
            6.99468085106383,
            6.99468085106383,
            6.99468085106383,
            6.99468085106383,
            6.99468085106383,
            6.99468085106383,
            6.99468085106383,
            6.99468085106383,
            6.99468085106383,
            6.99468085106383,
            6.99468085106383,
            6.99468085106383,
            6.99468085106383,
            6.99468085106383,
            6.99468085106383,
            6.99468085106383,
            6.99468085106383
        ]
    },
    "3": {
        "intra": [
            0.9995888358961138,
            0.9996721985372699,
            0.9987340482468202,
            0.999164169357005,
            0.9969435272527348,
            0.9965766179411529,
            0.9893971334244965,
            0.9804653353146381,
            0.9812369905491193,
            0.9687259138422937,
            0.9659273764248724,
            0.9653718209205924,
            0.9670024578942957,
            0.9647283521052373,
            0.9571575605824939,
            0.9485595588424593,
            0.9488597650850608,
            0.9532152417770314,
            0.9588736971339396,
            0.9504242485799795
        ],
        "inter": [
            0.9832119380186686,
            0.9641081630660316,
            0.9391864326375382,
            0.9366382517034841,
            0.9164086603264924,
            0.8811904498339967,
            0.8617021076883263,
            0.8474172382075669,
            0.8140286084774553,
            0.8619135119401553,
            0.8665061138434428,
            0.8622486115908481,
            0.8163909370053178,
            0.7461108152262917,
            0.7376764753718259,
            0.7363073900563166,
            0.7198650527402158,
            0.7542735701924222,
            0.7655610784069454,
            0.7233173260063532
        ],
        "cluster": [
            11.196808510638299,
            11.196808510638299,
            11.196808510638299,
            11.196808510638299,
            11.196808510638299,
            11.196808510638299,
            11.196808510638299,
            11.196808510638299,
            11.196808510638299,
            11.196808510638299,
            11.196808510638299,
            11.196808510638299,
            11.196808510638299,
            11.196808510638299,
            11.196808510638299,
            11.196808510638299,
            11.196808510638299,
            11.196808510638299,
            11.196808510638299,
            11.196808510638299
        ]
    },
    "test_acc": [
        0.21052631578947367,
        0.7894736842105263,
        0.7894736842105263,
        0.7894736842105263,
        0.7894736842105263,
        0.7894736842105263,
        0.7894736842105263,
        0.7631578947368421,
        0.7368421052631579,
        0.7894736842105263,
        0.7894736842105263,
        0.8157894736842105,
        0.7105263157894737,
        0.8421052631578947,
        0.8421052631578947,
        0.7631578947368421,
        0.8157894736842105,
        0.7894736842105263,
        0.7894736842105263,
        0.8157894736842105
    ],
    "train_acc": [
        0.36666666666666664,
        0.6333333333333333,
        0.6333333333333333,
        0.6333333333333333,
        0.6333333333333333,
        0.6333333333333333,
        0.6333333333333333,
        0.7466666666666667,
        0.7466666666666667,
        0.7466666666666667,
        0.7133333333333334,
        0.78,
        0.7866666666666666,
        0.7933333333333333,
        0.8,
        0.78,
        0.8066666666666666,
        0.8,
        0.8266666666666667,
        0.8133333333333334
    ]
}