{
    "1": {
        "intra": [
            0.0,
            0.0,
            0.0,
            0.0,
            0.0,
            0.0,
            0.0,
            0.0,
            0.0,
            0.0,
            0.0,
            0.0,
            0.0,
            0.0,
            0.0,
            0.0,
            0.0,
            0.0,
            0.0,
            0.0
        ],
        "inter": [
            0.16467340308828327,
            0.2515391240804479,
            0.36126169220275584,
            0.44998103405471457,
            0.5055010149516269,
            0.5380556734012879,
            0.5567668157057535,
            0.5635103074302241,
            0.5615919815912852,
            0.550193086566919,
            0.537966717510659,
            0.5094048374165648,
            0.4889670392643434,
            0.4714436647802957,
            0.4642835450272529,
            0.4577478481913468,
            0.4287567380780399,
            0.4156880382850545,
            0.4094959427665892,
            0.4112800965404471
        ],
        "cluster": [
            26.96385542168675,
            26.96385542168675,
            26.96385542168675,
            26.96385542168675,
            26.96385542168675,
            26.96385542168675,
            26.96385542168675,
            26.96385542168675,
            26.96385542168675,
            26.96385542168675,
            26.96385542168675,
            26.96385542168675,
            26.96385542168675,
            26.96385542168675,
            26.96385542168675,
            26.96385542168675,
            26.96385542168675,
            26.96385542168675,
            26.96385542168675,
            26.96385542168675
        ]
    },
    "2": {
        "intra": [
            0.0,
            0.0,
            0.0,
            0.0,
            0.0,
            0.0,
            0.0,
            0.0,
            0.0,
            0.0,
            0.0,
            0.0,
            0.0,
            0.0,
            0.0,
            0.0,
            0.0,
            0.0,
            0.0,
            0.0
        ],
        "inter": [
            0.6204302836570902,
            0.771626016466006,
            0.8471999089366639,
            0.8930080076868604,
            0.9141790729578434,
            0.9228914677692351,
            0.9267733577850759,
            0.9278892929044332,
            0.9251432677379386,
            0.9196634522291367,
            0.9151619468500842,
            0.9075429189460387,
            0.906933008391004,
            0.8963311511179459,
            0.8877233854928525,
            0.8843705016671847,
            0.8802636903934496,
            0.876467390710684,
            0.8663519164913086,
            0.8637693317183414
        ],
        "cluster": [
            26.96385542168675,
            26.96385542168675,
            26.96385542168675,
            26.96385542168675,
            26.96385542168675,
            26.96385542168675,
            26.96385542168675,
            26.96385542168675,
            26.96385542168675,
            26.96385542168675,
            26.96385542168675,
            26.96385542168675,
            26.96385542168675,
            26.96385542168675,
            26.96385542168675,
            26.96385542168675,
            26.96385542168675,
            26.96385542168675,
            26.96385542168675,
            26.96385542168675
        ]
    },
    "3": {
        "intra": [
            0.0,
            0.0,
            0.0,
            0.0,
            0.0,
            0.0,
            0.0,
            0.0,
            0.0,
            0.0,
            0.0,
            0.0,
            0.0,
            0.0,
            0.0,
            0.0,
            0.0,
            0.0,
            0.0,
            0.0
        ],
        "inter": [
            0.7964301850860468,
            0.9268327316176392,
            0.9521975565527045,
            0.9705805270521219,
            0.9770660393216231,
            0.9766290530458399,
            0.9741259088946537,
            0.9702105231458404,
            0.9630948464585954,
            0.954708785410478,
            0.9510728606123708,
            0.9374392395011361,
            0.9386251789651917,
            0.9266294351206427,
            0.9166827622761989,
            0.9119073397712586,
            0.9062038948626471,
            0.9058474143881303,
            0.9007030800527556,
            0.9054772498819436
        ],
        "cluster": [
            26.96385542168675,
            26.96385542168675,
            26.96385542168675,
            26.96385542168675,
            26.96385542168675,
            26.96385542168675,
            26.96385542168675,
            26.96385542168675,
            26.96385542168675,
            26.96385542168675,
            26.96385542168675,
            26.96385542168675,
            26.96385542168675,
            26.96385542168675,
            26.96385542168675,
            26.96385542168675,
            26.96385542168675,
            26.96385542168675,
            26.96385542168675,
            26.96385542168675
        ]
    },
    "test_acc": [
        0.5294117647058824,
        0.47058823529411764,
        0.5294117647058824,
        0.5294117647058824,
        0.5294117647058824,
        0.5294117647058824,
        0.5294117647058824,
        0.5294117647058824,
        0.5882352941176471,
        0.47058823529411764,
        0.47058823529411764,
        0.5882352941176471,
        0.5294117647058824,
        0.47058823529411764,
        0.5294117647058824,
        0.47058823529411764,
        0.5294117647058824,
        0.47058823529411764,
        0.5294117647058824,
        0.4117647058823529
    ],
    "train_acc": [
        0.42424242424242425,
        0.5757575757575758,
        0.42424242424242425,
        0.42424242424242425,
        0.42424242424242425,
        0.42424242424242425,
        0.42424242424242425,
        0.5909090909090909,
        0.7272727272727273,
        0.6212121212121212,
        0.5757575757575758,
        0.7575757575757576,
        0.6363636363636364,
        0.7424242424242424,
        0.7727272727272727,
        0.7575757575757576,
        0.7575757575757576,
        0.7727272727272727,
        0.8787878787878788,
        0.7878787878787878
    ]
}