{
    "1": {
        "intra": [
            0.0,
            0.0,
            0.0,
            0.0,
            0.0,
            0.0,
            0.0,
            0.0,
            0.0,
            0.0,
            0.0,
            0.0,
            0.0,
            0.0,
            0.0,
            0.0,
            0.0,
            0.0,
            0.0,
            0.0
        ],
        "inter": [
            0.9442030291532931,
            0.903772591153647,
            0.874015897490164,
            0.8755095702985332,
            0.8780168966960776,
            0.8775777106285281,
            0.8655249552566172,
            0.8277264033722538,
            0.7813658952290615,
            0.7446830986908145,
            0.7247258817930727,
            0.7304014751205433,
            0.6967990487508856,
            0.6545276689563652,
            0.6563936275256219,
            0.6583968548756021,
            0.6319025615764601,
            0.6139137960748757,
            0.6211226309393929,
            0.6437181860959214
        ],
        "cluster": [
            26.96385542168675,
            26.96385542168675,
            26.96385542168675,
            26.96385542168675,
            26.96385542168675,
            26.96385542168675,
            26.96385542168675,
            26.96385542168675,
            26.96385542168675,
            26.96385542168675,
            26.96385542168675,
            26.96385542168675,
            26.96385542168675,
            26.96385542168675,
            26.96385542168675,
            26.96385542168675,
            26.96385542168675,
            26.96385542168675,
            26.96385542168675,
            26.96385542168675
        ]
    },
    "2": {
        "intra": [
            0.0,
            0.0,
            0.0,
            0.0,
            0.0,
            0.0,
            0.0,
            0.0,
            0.0,
            0.0,
            0.0,
            0.0,
            0.0,
            0.0,
            0.0,
            0.0,
            0.0,
            0.0,
            0.0,
            0.0
        ],
        "inter": [
            0.9524294660216984,
            0.9453433357022328,
            0.9705314936099811,
            0.9752960054448598,
            0.9755186925536284,
            0.9758195973708388,
            0.9734379172287857,
            0.9568725839643125,
            0.928416050127622,
            0.9094498627873734,
            0.8962184347119473,
            0.9014698359125627,
            0.8790448834327201,
            0.8325068231218214,
            0.8289462940380197,
            0.834228718935785,
            0.8123852707229999,
            0.7967365285750071,
            0.7910419532878961,
            0.7971382813547678
        ],
        "cluster": [
            26.96385542168675,
            26.96385542168675,
            26.96385542168675,
            26.96385542168675,
            26.96385542168675,
            26.96385542168675,
            26.96385542168675,
            26.96385542168675,
            26.96385542168675,
            26.96385542168675,
            26.96385542168675,
            26.96385542168675,
            26.96385542168675,
            26.96385542168675,
            26.96385542168675,
            26.96385542168675,
            26.96385542168675,
            26.96385542168675,
            26.96385542168675,
            26.96385542168675
        ]
    },
    "3": {
        "intra": [
            0.0,
            0.0,
            0.0,
            0.0,
            0.0,
            0.0,
            0.0,
            0.0,
            0.0,
            0.0,
            0.0,
            0.0,
            0.0,
            0.0,
            0.0,
            0.0,
            0.0,
            0.0,
            0.0,
            0.0
        ],
        "inter": [
            0.8850442266754645,
            0.9537022255432093,
            0.8950756622795135,
            0.9059624537178179,
            0.9123737319471518,
            0.9466310884777516,
            0.9474181359799656,
            0.8816765972476102,
            0.7794602237880502,
            0.7380992708125107,
            0.7607104198763007,
            0.8404103597689043,
            0.8626236687107492,
            0.8486120028974685,
            0.827812725259244,
            0.8319246492964077,
            0.8106800571126702,
            0.8081118369534487,
            0.8008345398485002,
            0.8034838704622477
        ],
        "cluster": [
            26.96385542168675,
            26.96385542168675,
            26.96385542168675,
            26.96385542168675,
            26.96385542168675,
            26.96385542168675,
            26.96385542168675,
            26.96385542168675,
            26.96385542168675,
            26.96385542168675,
            26.96385542168675,
            26.96385542168675,
            26.96385542168675,
            26.96385542168675,
            26.96385542168675,
            26.96385542168675,
            26.96385542168675,
            26.96385542168675,
            26.96385542168675,
            26.96385542168675
        ]
    },
    "test_acc": [
        0.5882352941176471,
        0.5294117647058824,
        0.5294117647058824,
        0.47058823529411764,
        0.5882352941176471,
        0.5294117647058824,
        0.47058823529411764,
        0.5294117647058824,
        0.47058823529411764,
        0.7647058823529411,
        0.7058823529411765,
        0.47058823529411764,
        0.5882352941176471,
        0.5294117647058824,
        0.6470588235294118,
        0.6470588235294118,
        0.7058823529411765,
        0.7058823529411765,
        0.7647058823529411,
        0.5294117647058824
    ],
    "train_acc": [
        0.4393939393939394,
        0.42424242424242425,
        0.42424242424242425,
        0.5909090909090909,
        0.5757575757575758,
        0.5,
        0.4393939393939394,
        0.4393939393939394,
        0.6363636363636364,
        0.6515151515151515,
        0.6515151515151515,
        0.6212121212121212,
        0.6060606060606061,
        0.7424242424242424,
        0.7424242424242424,
        0.7272727272727273,
        0.803030303030303,
        0.8333333333333334,
        0.8787878787878788,
        0.8181818181818182
    ]
}