{
    "1": {
        "intra": [
            0.9998496128358763,
            0.9998561902172074,
            0.9998541396383975,
            0.9998458148345001,
            0.9998386558153252,
            0.9998275013043008,
            0.999819399673826,
            0.9998085550468231,
            0.9998017462186942,
            0.9997958136547981,
            0.9997829817770518,
            0.9997694516838267,
            0.999763716125888,
            0.9997603444441807,
            0.9997504142294819,
            0.999746036272693,
            0.9997475651285217,
            0.9997539562203425,
            0.999752211408462,
            0.9997509471101556
        ],
        "inter": [
            0.5157080711896302,
            0.5531065319242734,
            0.5702123850123707,
            0.5809475947909665,
            0.5848041693193974,
            0.5952161924656202,
            0.5795405974982293,
            0.577625090236413,
            0.567921100916536,
            0.5678705337551628,
            0.5545865692341602,
            0.5513992438905773,
            0.537545049515953,
            0.5305743212186987,
            0.524405809254766,
            0.5224803119847352,
            0.5229069518965734,
            0.5242529854299045,
            0.5175614896780806,
            0.5197598119813374
        ],
        "cluster": [
            6.01595744680851,
            6.01595744680851,
            6.01595744680851,
            6.01595744680851,
            6.01595744680851,
            6.01595744680851,
            6.01595744680851,
            6.01595744680851,
            6.01595744680851,
            6.01595744680851,
            6.01595744680851,
            6.01595744680851,
            6.01595744680851,
            6.01595744680851,
            6.01595744680851,
            6.01595744680851,
            6.01595744680851,
            6.01595744680851,
            6.01595744680851,
            6.01595744680851
        ]
    },
    "2": {
        "intra": [
            0.9999828022515649,
            0.9999854960554604,
            0.9999782907093022,
            0.9999694452789976,
            0.999959556799384,
            0.9999497348486122,
            0.9999458280941532,
            0.999934573677191,
            0.9999346637272581,
            0.9999278461519541,
            0.9999268494492141,
            0.9999175754281787,
            0.9999192232874758,
            0.9999127433814866,
            0.9999117671015344,
            0.9999110305768122,
            0.9999097657315119,
            0.9999080602631039,
            0.9999082271592419,
            0.999903444279648
        ],
        "inter": [
            0.8810063514613949,
            0.8698301006774153,
            0.8477890772708052,
            0.8182935698866484,
            0.78401557415637,
            0.7969756114992163,
            0.7691967904393849,
            0.7768390324362842,
            0.7664638975629297,
            0.7748603295411599,
            0.7519102996436628,
            0.7647386883963362,
            0.7358963589603048,
            0.7298545522434637,
            0.7233474762647313,
            0.7248785140649492,
            0.7203121156286271,
            0.7238300143823365,
            0.7077203785945005,
            0.7137407361640358
        ],
        "cluster": [
            9.941489361702128,
            9.941489361702128,
            9.941489361702128,
            9.941489361702128,
            9.941489361702128,
            9.941489361702128,
            9.941489361702128,
            9.941489361702128,
            9.941489361702128,
            9.941489361702128,
            9.941489361702128,
            9.941489361702128,
            9.941489361702128,
            9.941489361702128,
            9.941489361702128,
            9.941489361702128,
            9.941489361702128,
            9.941489361702128,
            9.941489361702128,
            9.941489361702128
        ]
    },
    "3": {
        "intra": [
            0.9999989596217626,
            0.9999994016690225,
            0.9999991579567854,
            0.9999983566924086,
            0.9999980515296146,
            0.9999954177699367,
            0.9999968243976094,
            0.999994524512976,
            0.9999956952251114,
            0.9999930427100522,
            0.9999954295753058,
            0.999992711034782,
            0.999994471348638,
            0.9999926768396619,
            0.9999936585661,
            0.9999925100406114,
            0.9999921985184,
            0.9999901093848288,
            0.9999923103002394,
            0.9999905436990714
        ],
        "inter": [
            0.9071822343780652,
            0.9311147277731442,
            0.9174713107998675,
            0.8798149286015524,
            0.8212896899977372,
            0.8119243504621255,
            0.76025223303606,
            0.7616243340402437,
            0.7626109026085316,
            0.7777730831363703,
            0.7713209392943207,
            0.7688031873443757,
            0.7630860992641687,
            0.7599479551858069,
            0.7687525883823045,
            0.779191258957753,
            0.7925072647877364,
            0.7875871879135191,
            0.7769364458196735,
            0.7752063165448784
        ],
        "cluster": [
            12.797872340425531,
            12.797872340425531,
            12.797872340425531,
            12.797872340425531,
            12.797872340425531,
            12.797872340425531,
            12.797872340425531,
            12.797872340425531,
            12.797872340425531,
            12.797872340425531,
            12.797872340425531,
            12.797872340425531,
            12.797872340425531,
            12.797872340425531,
            12.797872340425531,
            12.797872340425531,
            12.797872340425531,
            12.797872340425531,
            12.797872340425531,
            12.797872340425531
        ]
    },
    "test_acc": [
        0.34210526315789475,
        0.6578947368421053,
        0.6578947368421053,
        0.6842105263157895,
        0.6578947368421053,
        0.631578947368421,
        0.7105263157894737,
        0.6578947368421053,
        0.6842105263157895,
        0.6842105263157895,
        0.6842105263157895,
        0.6578947368421053,
        0.6842105263157895,
        0.6578947368421053,
        0.6578947368421053,
        0.6578947368421053,
        0.7105263157894737,
        0.6578947368421053,
        0.6842105263157895,
        0.6578947368421053
    ],
    "train_acc": [
        0.3333333333333333,
        0.6666666666666666,
        0.6666666666666666,
        0.7066666666666667,
        0.6933333333333334,
        0.78,
        0.7933333333333333,
        0.8,
        0.78,
        0.8266666666666667,
        0.7866666666666666,
        0.84,
        0.8066666666666666,
        0.84,
        0.8266666666666667,
        0.84,
        0.84,
        0.84,
        0.8333333333333334,
        0.8533333333333334
    ]
}