{
    "1": {
        "intra": [
            0.9651162670540987,
            0.9651162499889607,
            0.965116302845268,
            0.9651162449708802,
            0.9651163203637924,
            0.9651162631395724,
            0.9651163227183496,
            0.9651162659030609,
            0.9651163352625354,
            0.9651162873162847,
            0.9651162910207222,
            0.9651163265581096,
            0.9651163256460262,
            0.9651163069452097,
            0.9651163311368761,
            0.9651162809606832,
            0.9651162491563824,
            0.9651162968635549,
            0.9651162871751829,
            0.965116280523869
        ],
        "inter": [
            0.8481343199324654,
            0.9298739212323314,
            0.9419919818100826,
            0.9415449869927738,
            0.9332683865935776,
            0.9223148481102623,
            0.9047369755736377,
            0.8897026884518952,
            0.8719233338468207,
            0.8658330610397906,
            0.8560653077979927,
            0.8360163760384489,
            0.812530518979035,
            0.795393217045886,
            0.7769661793152096,
            0.7582123079715977,
            0.8563121567962041,
            0.8937516946893929,
            0.8951871753164065,
            0.8721422446879988
        ],
        "cluster": [
            6.2936046511627906,
            6.2936046511627906,
            6.2936046511627906,
            6.2936046511627906,
            6.2936046511627906,
            6.2936046511627906,
            6.2936046511627906,
            6.2936046511627906,
            6.2936046511627906,
            6.2936046511627906,
            6.2936046511627906,
            6.2936046511627906,
            6.2936046511627906,
            6.2936046511627906,
            6.2936046511627906,
            6.2936046511627906,
            6.2936046511627906,
            6.2936046511627906,
            6.2936046511627906,
            6.2936046511627906
        ]
    },
    "2": {
        "intra": [
            0.898255812868118,
            0.8982557993040216,
            0.8982558094429812,
            0.8982558254270661,
            0.898255812001455,
            0.8982558155032977,
            0.8982557979341401,
            0.898255824454452,
            0.898255804742628,
            0.8982558198256773,
            0.8982558288569772,
            0.8982557926699742,
            0.8982558360816607,
            0.8982558207936903,
            0.8982558100371854,
            0.8982558544321549,
            0.8982558291414265,
            0.8982558280456001,
            0.8982558100356833,
            0.8982558077377087
        ],
        "inter": [
            0.9830579749804482,
            0.9844682504444718,
            0.9906716110103571,
            0.9879252949280535,
            0.9766480084603514,
            0.9692062263660712,
            0.9632167732394095,
            0.9611385036928328,
            0.9628506364183691,
            0.9681150264166652,
            0.957295654928452,
            0.9541989591854454,
            0.950492336089135,
            0.9500113232722938,
            0.9141183952715939,
            0.9150173016380662,
            0.9773858629387173,
            0.9838085485843585,
            0.9804148424371139,
            0.9652074486307812
        ],
        "cluster": [
            8.781976744186046,
            8.781976744186046,
            8.781976744186046,
            8.781976744186046,
            8.781976744186046,
            8.781976744186046,
            8.781976744186046,
            8.781976744186046,
            8.781976744186046,
            8.781976744186046,
            8.781976744186046,
            8.781976744186046,
            8.781976744186046,
            8.781976744186046,
            8.781976744186046,
            8.781976744186046,
            8.781976744186046,
            8.781976744186046,
            8.781976744186046,
            8.781976744186046
        ]
    },
    "3": {
        "intra": [
            0.8255813956984132,
            0.8255813967005213,
            0.8255814075715914,
            0.8255814012761546,
            0.8255814099130627,
            0.8255814063859189,
            0.8255813992921306,
            0.8255814010467432,
            0.8255813950450197,
            0.8255814046955147,
            0.8255813991025458,
            0.8255814059471978,
            0.8255814044800358,
            0.8255813983371876,
            0.8255814037019806,
            0.8255813947147029,
            0.8255814097885359,
            0.8255814006642034,
            0.8255814103235191,
            0.8255814036190482
        ],
        "inter": [
            0.9824664929790748,
            0.9825960687708141,
            0.9915514757569179,
            0.9914850096053509,
            0.991000587717373,
            0.9930775905851753,
            0.9934785347514591,
            0.9943292523209759,
            0.9943728877617756,
            0.9944819058892396,
            0.9945880837414779,
            0.9946831601397401,
            0.9945289015793578,
            0.9944683966352231,
            0.9915369485651838,
            0.976281344813616,
            0.9911102254938718,
            0.9901853950724369,
            0.990776072149301,
            0.9883425749581127
        ],
        "cluster": [
            9.909883720930232,
            9.909883720930232,
            9.909883720930232,
            9.909883720930232,
            9.909883720930232,
            9.909883720930232,
            9.909883720930232,
            9.909883720930232,
            9.909883720930232,
            9.909883720930232,
            9.909883720930232,
            9.909883720930232,
            9.909883720930232,
            9.909883720930232,
            9.909883720930232,
            9.909883720930232,
            9.909883720930232,
            9.909883720930232,
            9.909883720930232,
            9.909883720930232
        ]
    },
    "test_acc": [
        0.43478260869565216,
        0.6376811594202898,
        0.6376811594202898,
        0.6376811594202898,
        0.6376811594202898,
        0.6376811594202898,
        0.6376811594202898,
        0.6376811594202898,
        0.6376811594202898,
        0.6376811594202898,
        0.6376811594202898,
        0.6376811594202898,
        0.6376811594202898,
        0.6376811594202898,
        0.6376811594202898,
        0.6376811594202898,
        0.6521739130434783,
        0.6231884057971014,
        0.6376811594202898,
        0.6376811594202898
    ],
    "train_acc": [
        0.4581818181818182,
        0.5381818181818182,
        0.5381818181818182,
        0.5381818181818182,
        0.5381818181818182,
        0.5381818181818182,
        0.5381818181818182,
        0.5381818181818182,
        0.5381818181818182,
        0.5381818181818182,
        0.5381818181818182,
        0.5381818181818182,
        0.5381818181818182,
        0.5454545454545454,
        0.5563636363636364,
        0.5854545454545454,
        0.5527272727272727,
        0.5818181818181818,
        0.5890909090909091,
        0.5781818181818181
    ]
}