{
    "1": {
        "intra": [
            0.9648800136093496,
            0.9649057629502373,
            0.9649124259669496,
            0.9649000185554274,
            0.9648815995897908,
            0.9648736528364171,
            0.9648718590928622,
            0.9648722388211182,
            0.9648710209419931,
            0.9648626923658862,
            0.9648818472408573,
            0.9648941986709783,
            0.9648693419589787,
            0.9648652011261903,
            0.9648784079694942,
            0.9648797917025714,
            0.9648750070277798,
            0.9649303236896842,
            0.9649290195755521,
            0.9649332586967291
        ],
        "inter": [
            0.7700812737569201,
            0.7938238661568021,
            0.807205796771452,
            0.8011431640369674,
            0.7910435682286461,
            0.7891672473767859,
            0.7855973160871119,
            0.7863476125841301,
            0.7847960862233246,
            0.7794156227543145,
            0.7940751919375829,
            0.8044197566168161,
            0.7821596559128866,
            0.7816874776612558,
            0.7904090362160094,
            0.7892480233267343,
            0.7869341581926449,
            0.8333172001285458,
            0.8281401585670273,
            0.8291255663718438
        ],
        "cluster": [
            6.2936046511627906,
            6.2936046511627906,
            6.2936046511627906,
            6.2936046511627906,
            6.2936046511627906,
            6.2936046511627906,
            6.2936046511627906,
            6.2936046511627906,
            6.2936046511627906,
            6.2936046511627906,
            6.2936046511627906,
            6.2936046511627906,
            6.2936046511627906,
            6.2936046511627906,
            6.2936046511627906,
            6.2936046511627906,
            6.2936046511627906,
            6.2936046511627906,
            6.2936046511627906,
            6.2936046511627906
        ]
    },
    "2": {
        "intra": [
            0.8982364878575662,
            0.8982467304113462,
            0.8982494463411043,
            0.8982487658595635,
            0.8982470709550335,
            0.8982468593137194,
            0.898247203188982,
            0.8982476862861777,
            0.8982499571257005,
            0.8982488697882617,
            0.8982509815591418,
            0.8982522333277075,
            0.8982511517271485,
            0.8982513140442435,
            0.8982513063385213,
            0.8982506703222982,
            0.8982501553609529,
            0.8982535863417995,
            0.8982527556886198,
            0.8982536257735895
        ],
        "inter": [
            0.8919404125413294,
            0.9452235745288583,
            0.9614004277566873,
            0.9616019780889175,
            0.9568318069505428,
            0.9560514344992299,
            0.9548252541106804,
            0.9525570676820224,
            0.9551412899155425,
            0.9472198158412474,
            0.9511011541185501,
            0.9556071568099189,
            0.9406339941814672,
            0.9385058836002446,
            0.9451186437096458,
            0.9383375263077276,
            0.9437795917669517,
            0.961834603302134,
            0.9528131584735363,
            0.954555270444211
        ],
        "cluster": [
            8.781976744186046,
            8.781976744186046,
            8.781976744186046,
            8.781976744186046,
            8.781976744186046,
            8.781976744186046,
            8.781976744186046,
            8.781976744186046,
            8.781976744186046,
            8.781976744186046,
            8.781976744186046,
            8.781976744186046,
            8.781976744186046,
            8.781976744186046,
            8.781976744186046,
            8.781976744186046,
            8.781976744186046,
            8.781976744186046,
            8.781976744186046,
            8.781976744186046
        ]
    },
    "3": {
        "intra": [
            0.8255804699358966,
            0.8255809285650941,
            0.8255812102706165,
            0.8255812159934032,
            0.8255811726685484,
            0.8255811355750234,
            0.8255813181532579,
            0.825581283296616,
            0.8255812886204822,
            0.8255812558721679,
            0.8255812911827962,
            0.8255812740541401,
            0.8255811931585644,
            0.8255811310703524,
            0.8255812765279628,
            0.8255812210812197,
            0.8255811524692332,
            0.8255813156272683,
            0.8255811790829022,
            0.8255813058927818
        ],
        "inter": [
            0.9078656851296791,
            0.9650182625684751,
            0.9858139992289627,
            0.9845811944491117,
            0.9801580273337073,
            0.9690683407820768,
            0.9683943163568203,
            0.9659124654357293,
            0.9564499087972482,
            0.9500114546943774,
            0.9444670962464804,
            0.9485117383249435,
            0.9282514380164132,
            0.9363434565449826,
            0.9461684000681871,
            0.9407113509230446,
            0.9516962717842695,
            0.9618597897689427,
            0.9397761109460385,
            0.9485910372315813
        ],
        "cluster": [
            9.909883720930232,
            9.909883720930232,
            9.909883720930232,
            9.909883720930232,
            9.909883720930232,
            9.909883720930232,
            9.909883720930232,
            9.909883720930232,
            9.909883720930232,
            9.909883720930232,
            9.909883720930232,
            9.909883720930232,
            9.909883720930232,
            9.909883720930232,
            9.909883720930232,
            9.909883720930232,
            9.909883720930232,
            9.909883720930232,
            9.909883720930232,
            9.909883720930232
        ]
    },
    "test_acc": [
        0.5362318840579711,
        0.463768115942029,
        0.463768115942029,
        0.463768115942029,
        0.463768115942029,
        0.463768115942029,
        0.463768115942029,
        0.463768115942029,
        0.463768115942029,
        0.463768115942029,
        0.4782608695652174,
        0.5217391304347826,
        0.5362318840579711,
        0.5217391304347826,
        0.5072463768115942,
        0.5217391304347826,
        0.5217391304347826,
        0.5362318840579711,
        0.5072463768115942,
        0.5362318840579711
    ],
    "train_acc": [
        0.41818181818181815,
        0.5818181818181818,
        0.5818181818181818,
        0.5818181818181818,
        0.5818181818181818,
        0.5818181818181818,
        0.5818181818181818,
        0.5818181818181818,
        0.5854545454545454,
        0.5890909090909091,
        0.5927272727272728,
        0.6072727272727273,
        0.6072727272727273,
        0.6145454545454545,
        0.6145454545454545,
        0.6181818181818182,
        0.6145454545454545,
        0.6181818181818182,
        0.6072727272727273,
        0.6363636363636364
    ]
}