{
    "1": {
        "intra": [
            0.9653690091356635,
            0.9653529637890974,
            0.9653464497078912,
            0.9653411877961381,
            0.9653309421211329,
            0.9653320999799089,
            0.965323985602471,
            0.9653203712244335,
            0.9653384311751856,
            0.9653407572066403,
            0.965336246321797,
            0.9653635000233067,
            0.9653625536006307,
            0.9653650699453512,
            0.9653539276260857,
            0.9653267911826633,
            0.965345936938486,
            0.9653510481673138,
            0.9653445993278937,
            0.9653122637178374
        ],
        "inter": [
            0.7472655747022897,
            0.7495442489417883,
            0.7557923508974177,
            0.753648895559234,
            0.755167269174478,
            0.7603105765337486,
            0.7585050799695359,
            0.7650849782380901,
            0.7921880701563386,
            0.7984406606406658,
            0.7979054157660564,
            0.8074132127950421,
            0.8050507712781345,
            0.7988802551966235,
            0.7901408689961947,
            0.7719191957115276,
            0.7878726805793502,
            0.7936729261561208,
            0.7861142841065291,
            0.7625600122661741
        ],
        "cluster": [
            6.378223495702006,
            6.378223495702006,
            6.378223495702006,
            6.378223495702006,
            6.378223495702006,
            6.378223495702006,
            6.378223495702006,
            6.378223495702006,
            6.378223495702006,
            6.378223495702006,
            6.378223495702006,
            6.378223495702006,
            6.378223495702006,
            6.378223495702006,
            6.378223495702006,
            6.378223495702006,
            6.378223495702006,
            6.378223495702006,
            6.378223495702006,
            6.378223495702006
        ]
    },
    "2": {
        "intra": [
            0.8996950806938193,
            0.8997010737528778,
            0.89970305006293,
            0.8997032524915433,
            0.8997033109914814,
            0.8997029008672704,
            0.8997013907513862,
            0.8997023076176897,
            0.8997048867379998,
            0.899705738425319,
            0.8997057938510096,
            0.899707942235039,
            0.8997073195334913,
            0.899707440979083,
            0.8997054988051485,
            0.8997032796925818,
            0.8997032098992808,
            0.8997034390481218,
            0.8997020447757584,
            0.8997005055132405
        ],
        "inter": [
            0.8821856088646638,
            0.9175180431359027,
            0.9272001619571455,
            0.9260262457192482,
            0.913405099709457,
            0.9033303037679018,
            0.8935490848974471,
            0.9115443763837541,
            0.9404695637416114,
            0.946968193038703,
            0.9436417611218141,
            0.9445280769544411,
            0.9370774963300534,
            0.9245746931885036,
            0.9095680261649565,
            0.9036424267908043,
            0.9058815825638263,
            0.9098245063030465,
            0.9038531803393497,
            0.9075802146104281
        ],
        "cluster": [
            8.787965616045845,
            8.787965616045845,
            8.787965616045845,
            8.787965616045845,
            8.787965616045845,
            8.787965616045845,
            8.787965616045845,
            8.787965616045845,
            8.787965616045845,
            8.787965616045845,
            8.787965616045845,
            8.787965616045845,
            8.787965616045845,
            8.787965616045845,
            8.787965616045845,
            8.787965616045845,
            8.787965616045845,
            8.787965616045845,
            8.787965616045845,
            8.787965616045845
        ]
    },
    "3": {
        "intra": [
            0.8366752512677454,
            0.8366759630888775,
            0.8366759829024486,
            0.8366760231142057,
            0.8366759897570888,
            0.8366759165886855,
            0.8366759474926636,
            0.8366760527133178,
            0.8366761271538553,
            0.8366761373573666,
            0.83667611721733,
            0.8366761126679928,
            0.836676089468423,
            0.836676029637384,
            0.8366760212720431,
            0.8366760242522999,
            0.8366760466687787,
            0.8366760808214324,
            0.8366760639347639,
            0.836676027361976
        ],
        "inter": [
            0.9457784184582778,
            0.9529919911627218,
            0.9619209678287326,
            0.9420270710373257,
            0.9423714205693853,
            0.9344591686720031,
            0.9287075616654303,
            0.9657994014570014,
            0.9840196333493988,
            0.9839926581298607,
            0.9755317029784222,
            0.9693703559221011,
            0.962460527678675,
            0.9434341051115901,
            0.9339227740758501,
            0.9376409661717772,
            0.9471480184365293,
            0.9568380931971466,
            0.948637798280681,
            0.9501607625783794
        ],
        "cluster": [
            9.825214899713467,
            9.825214899713467,
            9.825214899713467,
            9.825214899713467,
            9.825214899713467,
            9.825214899713467,
            9.825214899713467,
            9.825214899713467,
            9.825214899713467,
            9.825214899713467,
            9.825214899713467,
            9.825214899713467,
            9.825214899713467,
            9.825214899713467,
            9.825214899713467,
            9.825214899713467,
            9.825214899713467,
            9.825214899713467,
            9.825214899713467,
            9.825214899713467
        ]
    },
    "test_acc": [
        0.6714285714285714,
        0.6428571428571429,
        0.6714285714285714,
        0.6428571428571429,
        0.7,
        0.7571428571428571,
        0.7428571428571429,
        0.6714285714285714,
        0.6714285714285714,
        0.6714285714285714,
        0.6714285714285714,
        0.6571428571428571,
        0.6571428571428571,
        0.7428571428571429,
        0.7571428571428571,
        0.7571428571428571,
        0.7285714285714285,
        0.7142857142857143,
        0.6571428571428571,
        0.7142857142857143
    ],
    "train_acc": [
        0.5698924731182796,
        0.5519713261648745,
        0.5698924731182796,
        0.6093189964157706,
        0.6021505376344086,
        0.6236559139784946,
        0.6164874551971327,
        0.5842293906810035,
        0.5698924731182796,
        0.5698924731182796,
        0.5698924731182796,
        0.5734767025089605,
        0.5842293906810035,
        0.6164874551971327,
        0.6200716845878136,
        0.6200716845878136,
        0.6272401433691757,
        0.6236559139784946,
        0.6236559139784946,
        0.6200716845878136
    ]
}