{
    "1": {
        "intra": [
            0.9656160799962901,
            0.965616054953866,
            0.9656160228574586,
            0.9656161150223921,
            0.9656160242139572,
            0.9656160652824913,
            0.9656160713855676,
            0.965616035699745,
            0.9656160779308367,
            0.9656160464826586,
            0.9656160722892386,
            0.965616065087667,
            0.965616101425522,
            0.9656161065607058,
            0.9656160522776189,
            0.9656160632952877,
            0.9656160212707241,
            0.9656161086351398,
            0.9656160387286482,
            0.9656160588932392
        ],
        "inter": [
            0.9214672001198625,
            0.9665692774213397,
            0.9631512375174993,
            0.9349399419644299,
            0.8754377707725868,
            0.8546336996107848,
            0.848824712583968,
            0.8492943544819651,
            0.8646069156284557,
            0.8444047044289134,
            0.8255082142589405,
            0.8097770104533722,
            0.7993230493513429,
            0.7753865057412553,
            0.7358000758602832,
            0.8354433697515207,
            0.8534246071122098,
            0.8244167653159463,
            0.7535169886355346,
            0.8446299767959726
        ],
        "cluster": [
            6.378223495702006,
            6.378223495702006,
            6.378223495702006,
            6.378223495702006,
            6.378223495702006,
            6.378223495702006,
            6.378223495702006,
            6.378223495702006,
            6.378223495702006,
            6.378223495702006,
            6.378223495702006,
            6.378223495702006,
            6.378223495702006,
            6.378223495702006,
            6.378223495702006,
            6.378223495702006,
            6.378223495702006,
            6.378223495702006,
            6.378223495702006,
            6.378223495702006
        ]
    },
    "2": {
        "intra": [
            0.8997134780899737,
            0.899713473692894,
            0.8997134386451,
            0.8997134678821348,
            0.8997134759023161,
            0.8997134775085719,
            0.8997134776516091,
            0.8997134453660152,
            0.8997134883515097,
            0.8997134787917831,
            0.8997134743119172,
            0.89971347493292,
            0.8997134589320165,
            0.8997134649923649,
            0.8997134844929571,
            0.8997134873530055,
            0.8997134654434085,
            0.8997134716265325,
            0.899713454559056,
            0.8997134767135919
        ],
        "inter": [
            0.9791416757120376,
            0.9771673307020369,
            0.9741917623806293,
            0.9682508665732994,
            0.927753964495464,
            0.8828210409709019,
            0.8886547889743867,
            0.8679804501179343,
            0.8870965435335664,
            0.8743051772714778,
            0.8338569505535945,
            0.8369457397123288,
            0.8454631450554655,
            0.7982655920641137,
            0.7947357886638577,
            0.9072766895381041,
            0.9008428727470763,
            0.8409317766129383,
            0.7905323143561909,
            0.8948428853021413
        ],
        "cluster": [
            8.787965616045845,
            8.787965616045845,
            8.787965616045845,
            8.787965616045845,
            8.787965616045845,
            8.787965616045845,
            8.787965616045845,
            8.787965616045845,
            8.787965616045845,
            8.787965616045845,
            8.787965616045845,
            8.787965616045845,
            8.787965616045845,
            8.787965616045845,
            8.787965616045845,
            8.787965616045845,
            8.787965616045845,
            8.787965616045845,
            8.787965616045845,
            8.787965616045845
        ]
    },
    "3": {
        "intra": [
            0.8366762303432638,
            0.8366762324411432,
            0.8366762155848076,
            0.8366762199322073,
            0.8366762238954184,
            0.8366762274037519,
            0.8366762175135862,
            0.8366762086037648,
            0.8366762189432577,
            0.8366762184628018,
            0.836676220345329,
            0.8366762261599288,
            0.8366762116679823,
            0.8366762206233574,
            0.8366762199404552,
            null,
            0.8366762183938302,
            null,
            null,
            0.8366762245004135
        ],
        "inter": [
            0.9778012972084023,
            0.9945682764820548,
            0.9712880279890916,
            0.9920729803673342,
            0.9852039087988534,
            0.9759346803215524,
            0.974310974374119,
            0.9596617850320887,
            0.9488810062914326,
            0.938435187617403,
            0.9249168048355625,
            0.9257723646751097,
            0.9326541878511999,
            0.9048338854414604,
            0.9014429028234898,
            null,
            0.9351431110740803,
            null,
            null,
            0.9380673427014202
        ],
        "cluster": [
            9.825214899713467,
            9.825214899713467,
            9.825214899713467,
            9.825214899713467,
            9.825214899713467,
            9.825214899713467,
            9.825214899713467,
            9.825214899713467,
            9.825214899713467,
            9.825214899713467,
            9.825214899713467,
            9.825214899713467,
            9.825214899713467,
            9.825214899713467,
            9.825214899713467,
            9.825214899713467,
            9.825214899713467,
            9.825214899713467,
            9.825214899713467,
            9.825214899713467
        ]
    },
    "test_acc": [
        0.4714285714285714,
        0.5285714285714286,
        0.5285714285714286,
        0.5285714285714286,
        0.5285714285714286,
        0.5285714285714286,
        0.5285714285714286,
        0.5285714285714286,
        0.5285714285714286,
        0.5285714285714286,
        0.5285714285714286,
        0.5285714285714286,
        0.5285714285714286,
        0.5285714285714286,
        0.5857142857142857,
        0.6142857142857143,
        0.5285714285714286,
        0.5857142857142857,
        0.6,
        0.5285714285714286
    ],
    "train_acc": [
        0.3942652329749104,
        0.6057347670250897,
        0.6057347670250897,
        0.6057347670250897,
        0.6057347670250897,
        0.6057347670250897,
        0.6057347670250897,
        0.6057347670250897,
        0.6057347670250897,
        0.6057347670250897,
        0.6093189964157706,
        0.6057347670250897,
        0.6129032258064516,
        0.6164874551971327,
        0.6487455197132617,
        0.6451612903225806,
        0.6057347670250897,
        0.6308243727598566,
        0.6738351254480287,
        0.6057347670250897
    ]
}